rolling_event_id,endpoint_id,stage_id,stage_name,objective_sense,objective_definition,solver_status,feasible_incumbent_available,optimal_value,mip_gap,time_limit_s,runtime_s,locked_constraint,selected_candidate_ids,selected_arc_ids,served_threat_ids,resource_usage
S2-CRI-OVR@0.000,L,1,maximize_full_defence_level_3,maximize,sum y_m for threat_level=3,optimal,True,2,0,5,,"{""absolute_tolerance"":1e-07,""value"":2.0}","[""S2-CRI-OVR::T-Q2-THREE::CRI-OVR-M1::UAV-1"",""S2-CRI-OVR::T-Q2-TWO::CRI-OVR-M4::UAV-5""]","[""UAV-1::N::UAV-1::S2-CRI-OVR::T-Q2-THREE::CRI-OVR-M1::UAV-1->T::UAV-1"",""UAV-1::S::UAV-1->N::UAV-1::S2-CRI-OVR::T-Q2-THREE::CRI-OVR-M1::UAV-1"",""UAV-5::N::UAV-5::S2-CRI-OVR::T-Q2-TWO::CRI-OVR-M4::UAV-5->T::UAV-5"",""UAV-5::S::UAV-5->N::UAV-5::S2-CRI-OVR::T-Q2-TWO::CRI-OVR-M4::UAV-5""]","[""CRI-OVR-M1"",""CRI-OVR-M4""]",5
S2-CRI-OVR@0.000,L,2,minimize_served_reaction_time_level_3,minimize,sum y_m*(latest_feasible_command_time-current_time),optimal,True,95.5636,0,5,,"{""absolute_tolerance"":9.556360000000002e-07,""value"":95.56360000000001}","[""S2-CRI-OVR::T-Q1-SINGLE::CRI-OVR-M1::UAV-1"",""S2-CRI-OVR::T-Q1-SINGLE::CRI-OVR-M4::UAV-4""]","[""UAV-1::N::UAV-1::S2-CRI-OVR::T-Q1-SINGLE::CRI-OVR-M1::UAV-1->T::UAV-1"",""UAV-1::S::UAV-1->N::UAV-1::S2-CRI-OVR::T-Q1-SINGLE::CRI-OVR-M1::UAV-1"",""UAV-4::N::UAV-4::S2-CRI-OVR::T-Q1-SINGLE::CRI-OVR-M4::UAV-4->T::UAV-4"",""UAV-4::S::UAV-4->N::UAV-4::S2-CRI-OVR::T-Q1-SINGLE::CRI-OVR-M4::UAV-4""]","[""CRI-OVR-M1"",""CRI-OVR-M4""]",2
S2-CRI-OVR@0.000,L,3,maximize_full_defence_level_2,maximize,sum y_m for threat_level=2,optimal,True,2,0,5,,"{""absolute_tolerance"":1e-07,""value"":2.0}","[""S2-CRI-OVR::T-Q2-TWO::CRI-OVR-M1+CRI-OVR-M2+CRI-OVR-M3+CRI-OVR-M4+CRI-OVR-M5::UAV-2""]","[""UAV-2::N::UAV-2::S2-CRI-OVR::T-Q2-TWO::CRI-OVR-M1+CRI-OVR-M2+CRI-OVR-M3+CRI-OVR-M4+CRI-OVR-M5::UAV-2->T::UAV-2"",""UAV-2::S::UAV-2->N::UAV-2::S2-CRI-OVR::T-Q2-TWO::CRI-OVR-M1+CRI-OVR-M2+CRI-OVR-M3+CRI-OVR-M4+CRI-OVR-M5::UAV-2""]","[""CRI-OVR-M1"",""CRI-OVR-M2"",""CRI-OVR-M3"",""CRI-OVR-M4"",""CRI-OVR-M5""]",2
S2-CRI-OVR@0.000,L,4,minimize_served_reaction_time_level_2,minimize,sum y_m*(latest_feasible_command_time-current_time),optimal,True,97.0636,0,5,,"{""absolute_tolerance"":9.70636e-07,""value"":97.06360000000001}","[""S2-CRI-OVR::T-Q2-TWO::CRI-OVR-M1+CRI-OVR-M2+CRI-OVR-M3+CRI-OVR-M4+CRI-OVR-M5::UAV-5""]","[""UAV-5::N::UAV-5::S2-CRI-OVR::T-Q2-TWO::CRI-OVR-M1+CRI-OVR-M2+CRI-OVR-M3+CRI-OVR-M4+CRI-OVR-M5::UAV-5->T::UAV-5"",""UAV-5::S::UAV-5->N::UAV-5::S2-CRI-OVR::T-Q2-TWO::CRI-OVR-M1+CRI-OVR-M2+CRI-OVR-M3+CRI-OVR-M4+CRI-OVR-M5::UAV-5""]","[""CRI-OVR-M1"",""CRI-OVR-M2"",""CRI-OVR-M3"",""CRI-OVR-M4"",""CRI-OVR-M5""]",2
S2-CRI-OVR@0.000,L,5,maximize_full_defence_level_1,maximize,sum y_m for threat_level=1,optimal,True,1,0,5,,"{""absolute_tolerance"":1e-07,""value"":1.0}","[""S2-CRI-OVR::T-Q2-TWO::CRI-OVR-M1+CRI-OVR-M2+CRI-OVR-M3+CRI-OVR-M4+CRI-OVR-M5::UAV-5""]","[""UAV-5::N::UAV-5::S2-CRI-OVR::T-Q2-TWO::CRI-OVR-M1+CRI-OVR-M2+CRI-OVR-M3+CRI-OVR-M4+CRI-OVR-M5::UAV-5->T::UAV-5"",""UAV-5::S::UAV-5->N::UAV-5::S2-CRI-OVR::T-Q2-TWO::CRI-OVR-M1+CRI-OVR-M2+CRI-OVR-M3+CRI-OVR-M4+CRI-OVR-M5::UAV-5""]","[""CRI-OVR-M1"",""CRI-OVR-M2"",""CRI-OVR-M3"",""CRI-OVR-M4"",""CRI-OVR-M5""]",2
S2-CRI-OVR@0.000,L,6,minimize_served_reaction_time_level_1,minimize,sum y_m*(latest_feasible_command_time-current_time),optimal,True,47.0318,0,5,,"{""absolute_tolerance"":4.7031800000000004e-07,""value"":47.031800000000004}","[""S2-CRI-OVR::T-Q2-THREE::CRI-OVR-M1+CRI-OVR-M2+CRI-OVR-M3+CRI-OVR-M4+CRI-OVR-M5::UAV-1""]","[""UAV-1::N::UAV-1::S2-CRI-OVR::T-Q2-THREE::CRI-OVR-M1+CRI-OVR-M2+CRI-OVR-M3+CRI-OVR-M4+CRI-OVR-M5::UAV-1->T::UAV-1"",""UAV-1::S::UAV-1->N::UAV-1::S2-CRI-OVR::T-Q2-THREE::CRI-OVR-M1+CRI-OVR-M2+CRI-OVR-M3+CRI-OVR-M4+CRI-OVR-M5::UAV-1""]","[""CRI-OVR-M1"",""CRI-OVR-M2"",""CRI-OVR-M3"",""CRI-OVR-M4"",""CRI-OVR-M5""]",3
S2-CRI-OVR@0.000,L,7,minimize_unserved_remaining_window_level_3,maximize,served-duration equivalent of lexicographic unserved-window minimization,optimal,True,16,0,5,,"{""absolute_tolerance"":1.6e-07,""value"":16.0}","[""S2-CRI-OVR::T-Q2-THREE::CRI-OVR-M1+CRI-OVR-M2+CRI-OVR-M3+CRI-OVR-M4+CRI-OVR-M5::UAV-1""]","[""UAV-1::N::UAV-1::S2-CRI-OVR::T-Q2-THREE::CRI-OVR-M1+CRI-OVR-M2+CRI-OVR-M3+CRI-OVR-M4+CRI-OVR-M5::UAV-1->T::UAV-1"",""UAV-1::S::UAV-1->N::UAV-1::S2-CRI-OVR::T-Q2-THREE::CRI-OVR-M1+CRI-OVR-M2+CRI-OVR-M3+CRI-OVR-M4+CRI-OVR-M5::UAV-1""]","[""CRI-OVR-M1"",""CRI-OVR-M2"",""CRI-OVR-M3"",""CRI-OVR-M4"",""CRI-OVR-M5""]",3
S2-CRI-OVR@0.000,L,8,minimize_unserved_remaining_window_level_2,maximize,served-duration equivalent of lexicographic unserved-window minimization,optimal,True,16,0,5,,"{""absolute_tolerance"":1.6e-07,""value"":16.0}","[""S2-CRI-OVR::T-Q2-THREE::CRI-OVR-M1+CRI-OVR-M2+CRI-OVR-M3+CRI-OVR-M4+CRI-OVR-M5::UAV-1""]","[""UAV-1::N::UAV-1::S2-CRI-OVR::T-Q2-THREE::CRI-OVR-M1+CRI-OVR-M2+CRI-OVR-M3+CRI-OVR-M4+CRI-OVR-M5::UAV-1->T::UAV-1"",""UAV-1::S::UAV-1->N::UAV-1::S2-CRI-OVR::T-Q2-THREE::CRI-OVR-M1+CRI-OVR-M2+CRI-OVR-M3+CRI-OVR-M4+CRI-OVR-M5::UAV-1""]","[""CRI-OVR-M1"",""CRI-OVR-M2"",""CRI-OVR-M3"",""CRI-OVR-M4"",""CRI-OVR-M5""]",3
S2-CRI-OVR@0.000,L,9,minimize_unserved_remaining_window_level_1,maximize,served-duration equivalent of lexicographic unserved-window minimization,optimal,True,8,0,5,,"{""absolute_tolerance"":1e-07,""value"":8.0}","[""S2-CRI-OVR::T-Q2-THREE::CRI-OVR-M1+CRI-OVR-M2+CRI-OVR-M3+CRI-OVR-M4+CRI-OVR-M5::UAV-1""]","[""UAV-1::N::UAV-1::S2-CRI-OVR::T-Q2-THREE::CRI-OVR-M1+CRI-OVR-M2+CRI-OVR-M3+CRI-OVR-M4+CRI-OVR-M5::UAV-1->T::UAV-1"",""UAV-1::S::UAV-1->N::UAV-1::S2-CRI-OVR::T-Q2-THREE::CRI-OVR-M1+CRI-OVR-M2+CRI-OVR-M3+CRI-OVR-M4+CRI-OVR-M5::UAV-1""]","[""CRI-OVR-M1"",""CRI-OVR-M2"",""CRI-OVR-M3"",""CRI-OVR-M4"",""CRI-OVR-M5""]",3
S2-CRI-OVR@0.000,L,10,minimize_bombs_used_and_reserved,minimize,sum candidate total bombs,optimal,True,2,0,5,,"{""absolute_tolerance"":1e-07,""value"":2.0}","[""S2-CRI-OVR::T-Q2-TWO::CRI-OVR-M1+CRI-OVR-M2+CRI-OVR-M3+CRI-OVR-M4+CRI-OVR-M5::UAV-2""]","[""UAV-2::N::UAV-2::S2-CRI-OVR::T-Q2-TWO::CRI-OVR-M1+CRI-OVR-M2+CRI-OVR-M3+CRI-OVR-M4+CRI-OVR-M5::UAV-2->T::UAV-2"",""UAV-2::S::UAV-2->N::UAV-2::S2-CRI-OVR::T-Q2-TWO::CRI-OVR-M1+CRI-OVR-M2+CRI-OVR-M3+CRI-OVR-M4+CRI-OVR-M5::UAV-2""]","[""CRI-OVR-M1"",""CRI-OVR-M2"",""CRI-OVR-M3"",""CRI-OVR-M4"",""CRI-OVR-M5""]",2
S2-CRI-OVR@0.000,L,11,L_minimize_total_path,minimize,service plus selected transition path,optimal,True,1228.727441181,0,5,,"{""absolute_tolerance"":1.228727441181401e-05,""value"":1228.727441181401}","[""S2-CRI-OVR::T-Q2-TWO::CRI-OVR-M1+CRI-OVR-M2+CRI-OVR-M3+CRI-OVR-M4+CRI-OVR-M5::UAV-2""]","[""UAV-2::N::UAV-2::S2-CRI-OVR::T-Q2-TWO::CRI-OVR-M1+CRI-OVR-M2+CRI-OVR-M3+CRI-OVR-M4+CRI-OVR-M5::UAV-2->T::UAV-2"",""UAV-2::S::UAV-2->N::UAV-2::S2-CRI-OVR::T-Q2-TWO::CRI-OVR-M1+CRI-OVR-M2+CRI-OVR-M3+CRI-OVR-M4+CRI-OVR-M5::UAV-2""]","[""CRI-OVR-M1"",""CRI-OVR-M2"",""CRI-OVR-M3"",""CRI-OVR-M4"",""CRI-OVR-M5""]",2
S2-CRI-OVR@0.000,L,12,L_minimize_turn_at_minimum_path,minimize,service plus transition turn proxy,optimal,True,2.712123025,0,5,,"{""absolute_tolerance"":1e-07,""value"":2.712123025060966}","[""S2-CRI-OVR::T-Q2-TWO::CRI-OVR-M1+CRI-OVR-M2+CRI-OVR-M3+CRI-OVR-M4+CRI-OVR-M5::UAV-2""]","[""UAV-2::N::UAV-2::S2-CRI-OVR::T-Q2-TWO::CRI-OVR-M1+CRI-OVR-M2+CRI-OVR-M3+CRI-OVR-M4+CRI-OVR-M5::UAV-2->T::UAV-2"",""UAV-2::S::UAV-2->N::UAV-2::S2-CRI-OVR::T-Q2-TWO::CRI-OVR-M1+CRI-OVR-M2+CRI-OVR-M3+CRI-OVR-M4+CRI-OVR-M5::UAV-2""]","[""CRI-OVR-M1"",""CRI-OVR-M2"",""CRI-OVR-M3"",""CRI-OVR-M4"",""CRI-OVR-M5""]",2
S2-CRI-OVR@0.000,L,13,minimize_flexible_plan_changes,minimize,explicit new-instance count; executed and committed instances are outside the flexible set,optimal,True,1,0,5,,"{""absolute_tolerance"":1e-07,""value"":1.0}","[""S2-CRI-OVR::T-Q2-TWO::CRI-OVR-M1+CRI-OVR-M2+CRI-OVR-M3+CRI-OVR-M4+CRI-OVR-M5::UAV-2""]","[""UAV-2::N::UAV-2::S2-CRI-OVR::T-Q2-TWO::CRI-OVR-M1+CRI-OVR-M2+CRI-OVR-M3+CRI-OVR-M4+CRI-OVR-M5::UAV-2->T::UAV-2"",""UAV-2::S::UAV-2->N::UAV-2::S2-CRI-OVR::T-Q2-TWO::CRI-OVR-M1+CRI-OVR-M2+CRI-OVR-M3+CRI-OVR-M4+CRI-OVR-M5::UAV-2""]","[""CRI-OVR-M1"",""CRI-OVR-M2"",""CRI-OVR-M3"",""CRI-OVR-M4"",""CRI-OVR-M5""]",2
S2-CRI-SEQ@0.000,L,1,maximize_full_defence_level_3,maximize,sum y_m for threat_level=3,optimal,True,2,0,5,,"{""absolute_tolerance"":1e-07,""value"":2.0}","[""S2-CRI-SEQ::T-Q2-THREE::CRI-SEQ-M4::UAV-1"",""S2-CRI-SEQ::T-Q2-TWO::CRI-SEQ-M1::UAV-5""]","[""UAV-1::N::UAV-1::S2-CRI-SEQ::T-Q2-THREE::CRI-SEQ-M4::UAV-1->T::UAV-1"",""UAV-1::S::UAV-1->N::UAV-1::S2-CRI-SEQ::T-Q2-THREE::CRI-SEQ-M4::UAV-1"",""UAV-5::N::UAV-5::S2-CRI-SEQ::T-Q2-TWO::CRI-SEQ-M1::UAV-5->T::UAV-5"",""UAV-5::S::UAV-5->N::UAV-5::S2-CRI-SEQ::T-Q2-TWO::CRI-SEQ-M1::UAV-5""]","[""CRI-SEQ-M1"",""CRI-SEQ-M4""]",5
S2-CRI-SEQ@0.000,L,2,minimize_served_reaction_time_level_3,minimize,sum y_m*(latest_feasible_command_time-current_time),optimal,True,138.0636,0,5,,"{""absolute_tolerance"":1.3806360000000001e-06,""value"":138.0636}","[""S2-CRI-SEQ::T-Q1-SINGLE::CRI-SEQ-M4::UAV-1"",""S2-CRI-SEQ::T-Q2-TWO::CRI-SEQ-M1::UAV-5""]","[""UAV-1::N::UAV-1::S2-CRI-SEQ::T-Q1-SINGLE::CRI-SEQ-M4::UAV-1->T::UAV-1"",""UAV-1::S::UAV-1->N::UAV-1::S2-CRI-SEQ::T-Q1-SINGLE::CRI-SEQ-M4::UAV-1"",""UAV-5::N::UAV-5::S2-CRI-SEQ::T-Q2-TWO::CRI-SEQ-M1::UAV-5->T::UAV-5"",""UAV-5::S::UAV-5->N::UAV-5::S2-CRI-SEQ::T-Q2-TWO::CRI-SEQ-M1::UAV-5""]","[""CRI-SEQ-M1"",""CRI-SEQ-M4""]",3
S2-CRI-SEQ@0.000,L,3,maximize_full_defence_level_2,maximize,sum y_m for threat_level=2,optimal,True,2,0,5,,"{""absolute_tolerance"":1e-07,""value"":2.0}","[""S2-CRI-SEQ::T-Q2-THREE::CRI-SEQ-M1+CRI-SEQ-M2::UAV-1"",""S2-CRI-SEQ::T-Q2-THREE::CRI-SEQ-M4+CRI-SEQ-M5::UAV-3""]","[""UAV-1::N::UAV-1::S2-CRI-SEQ::T-Q2-THREE::CRI-SEQ-M1+CRI-SEQ-M2::UAV-1->T::UAV-1"",""UAV-1::S::UAV-1->N::UAV-1::S2-CRI-SEQ::T-Q2-THREE::CRI-SEQ-M1+CRI-SEQ-M2::UAV-1"",""UAV-3::N::UAV-3::S2-CRI-SEQ::T-Q2-THREE::CRI-SEQ-M4+CRI-SEQ-M5::UAV-3->T::UAV-3"",""UAV-3::S::UAV-3->N::UAV-3::S2-CRI-SEQ::T-Q2-THREE::CRI-SEQ-M4+CRI-SEQ-M5::UAV-3""]","[""CRI-SEQ-M1"",""CRI-SEQ-M2"",""CRI-SEQ-M4"",""CRI-SEQ-M5""]",6
S2-CRI-SEQ@0.000,L,4,minimize_served_reaction_time_level_2,minimize,sum y_m*(latest_feasible_command_time-current_time),optimal,True,182.0636,0,5,,"{""absolute_tolerance"":1.8206360000000001e-06,""value"":182.0636}","[""S2-CRI-SEQ::T-Q2-THREE::CRI-SEQ-M4+CRI-SEQ-M5::UAV-1"",""S2-CRI-SEQ::T-Q2-TWO::CRI-SEQ-M1::UAV-2"",""S2-CRI-SEQ::T-Q2-TWO::CRI-SEQ-M2::UAV-5""]","[""UAV-1::N::UAV-1::S2-CRI-SEQ::T-Q2-THREE::CRI-SEQ-M4+CRI-SEQ-M5::UAV-1->T::UAV-1"",""UAV-1::S::UAV-1->N::UAV-1::S2-CRI-SEQ::T-Q2-THREE::CRI-SEQ-M4+CRI-SEQ-M5::UAV-1"",""UAV-2::N::UAV-2::S2-CRI-SEQ::T-Q2-TWO::CRI-SEQ-M1::UAV-2->T::UAV-2"",""UAV-2::S::UAV-2->N::UAV-2::S2-CRI-SEQ::T-Q2-TWO::CRI-SEQ-M1::UAV-2"",""UAV-5::N::UAV-5::S2-CRI-SEQ::T-Q2-TWO::CRI-SEQ-M2::UAV-5->T::UAV-5"",""UAV-5::S::UAV-5->N::UAV-5::S2-CRI-SEQ::T-Q2-TWO::CRI-SEQ-M2::UAV-5""]","[""CRI-SEQ-M1"",""CRI-SEQ-M2"",""CRI-SEQ-M4"",""CRI-SEQ-M5""]",7
S2-CRI-SEQ@0.000,L,5,maximize_full_defence_level_1,maximize,sum y_m for threat_level=1,optimal,True,1,0,5,,"{""absolute_tolerance"":1e-07,""value"":1.0}","[""S2-CRI-SEQ::T-Q1-SINGLE::CRI-SEQ-M1::UAV-4"",""S2-CRI-SEQ::T-Q2-THREE::CRI-SEQ-M3+CRI-SEQ-M4::UAV-1"",""S2-CRI-SEQ::T-Q2-TWO::CRI-SEQ-M2::UAV-5"",""S2-CRI-SEQ::T-Q2-TWO::CRI-SEQ-M5::UAV-2""]","[""UAV-1::N::UAV-1::S2-CRI-SEQ::T-Q2-THREE::CRI-SEQ-M3+CRI-SEQ-M4::UAV-1->T::UAV-1"",""UAV-1::S::UAV-1->N::UAV-1::S2-CRI-SEQ::T-Q2-THREE::CRI-SEQ-M3+CRI-SEQ-M4::UAV-1"",""UAV-2::N::UAV-2::S2-CRI-SEQ::T-Q2-TWO::CRI-SEQ-M5::UAV-2->T::UAV-2"",""UAV-2::S::UAV-2->N::UAV-2::S2-CRI-SEQ::T-Q2-TWO::CRI-SEQ-M5::UAV-2"",""UAV-4::N::UAV-4::S2-CRI-SEQ::T-Q1-SINGLE::CRI-SEQ-M1::UAV-4->T::UAV-4"",""UAV-4::S::UAV-4->N::UAV-4::S2-CRI-SEQ::T-Q1-SINGLE::CRI-SEQ-M1::UAV-4"",""UAV-5::N::UAV-5::S2-CRI-SEQ::T-Q2-TWO::CRI-SEQ-M2::UAV-5->T::UAV-5"",""UAV-5::S::UAV-5->N::UAV-5::S2-CRI-SEQ::T-Q2-TWO::CRI-SEQ-M2::UAV-5""]","[""CRI-SEQ-M1"",""CRI-SEQ-M2"",""CRI-SEQ-M3"",""CRI-SEQ-M4"",""CRI-SEQ-M5""]",8
S2-CRI-SEQ@0.000,L,6,minimize_served_reaction_time_level_1,minimize,sum y_m*(latest_feasible_command_time-current_time),optimal,True,80.0318,0,5,,"{""absolute_tolerance"":8.003180000000001e-07,""value"":80.0318}","[""S2-CRI-SEQ::T-Q2-THREE::CRI-SEQ-M2+CRI-SEQ-M3::UAV-3"",""S2-CRI-SEQ::T-Q2-THREE::CRI-SEQ-M4+CRI-SEQ-M5::UAV-1"",""S2-CRI-SEQ::T-Q2-TWO::CRI-SEQ-M1::UAV-5""]","[""UAV-1::N::UAV-1::S2-CRI-SEQ::T-Q2-THREE::CRI-SEQ-M4+CRI-SEQ-M5::UAV-1->T::UAV-1"",""UAV-1::S::UAV-1->N::UAV-1::S2-CRI-SEQ::T-Q2-THREE::CRI-SEQ-M4+CRI-SEQ-M5::UAV-1"",""UAV-3::N::UAV-3::S2-CRI-SEQ::T-Q2-THREE::CRI-SEQ-M2+CRI-SEQ-M3::UAV-3->T::UAV-3"",""UAV-3::S::UAV-3->N::UAV-3::S2-CRI-SEQ::T-Q2-THREE::CRI-SEQ-M2+CRI-SEQ-M3::UAV-3"",""UAV-5::N::UAV-5::S2-CRI-SEQ::T-Q2-TWO::CRI-SEQ-M1::UAV-5->T::UAV-5"",""UAV-5::S::UAV-5->N::UAV-5::S2-CRI-SEQ::T-Q2-TWO::CRI-SEQ-M1::UAV-5""]","[""CRI-SEQ-M1"",""CRI-SEQ-M2"",""CRI-SEQ-M3"",""CRI-SEQ-M4"",""CRI-SEQ-M5""]",8
S2-CRI-SEQ@0.000,L,7,minimize_unserved_remaining_window_level_3,maximize,served-duration equivalent of lexicographic unserved-window minimization,optimal,True,16,0,5,,"{""absolute_tolerance"":1.6e-07,""value"":16.0}","[""S2-CRI-SEQ::T-Q2-THREE::CRI-SEQ-M2+CRI-SEQ-M3::UAV-3"",""S2-CRI-SEQ::T-Q2-THREE::CRI-SEQ-M4+CRI-SEQ-M5::UAV-1"",""S2-CRI-SEQ::T-Q2-TWO::CRI-SEQ-M1::UAV-5""]","[""UAV-1::N::UAV-1::S2-CRI-SEQ::T-Q2-THREE::CRI-SEQ-M4+CRI-SEQ-M5::UAV-1->T::UAV-1"",""UAV-1::S::UAV-1->N::UAV-1::S2-CRI-SEQ::T-Q2-THREE::CRI-SEQ-M4+CRI-SEQ-M5::UAV-1"",""UAV-3::N::UAV-3::S2-CRI-SEQ::T-Q2-THREE::CRI-SEQ-M2+CRI-SEQ-M3::UAV-3->T::UAV-3"",""UAV-3::S::UAV-3->N::UAV-3::S2-CRI-SEQ::T-Q2-THREE::CRI-SEQ-M2+CRI-SEQ-M3::UAV-3"",""UAV-5::N::UAV-5::S2-CRI-SEQ::T-Q2-TWO::CRI-SEQ-M1::UAV-5->T::UAV-5"",""UAV-5::S::UAV-5->N::UAV-5::S2-CRI-SEQ::T-Q2-TWO::CRI-SEQ-M1::UAV-5""]","[""CRI-SEQ-M1"",""CRI-SEQ-M2"",""CRI-SEQ-M3"",""CRI-SEQ-M4"",""CRI-SEQ-M5""]",8
S2-CRI-SEQ@0.000,L,8,minimize_unserved_remaining_window_level_2,maximize,served-duration equivalent of lexicographic unserved-window minimization,optimal,True,16,0,5,,"{""absolute_tolerance"":1.6e-07,""value"":16.0}","[""S2-CRI-SEQ::T-Q2-THREE::CRI-SEQ-M2+CRI-SEQ-M3::UAV-3"",""S2-CRI-SEQ::T-Q2-THREE::CRI-SEQ-M4+CRI-SEQ-M5::UAV-1"",""S2-CRI-SEQ::T-Q2-TWO::CRI-SEQ-M1::UAV-5""]","[""UAV-1::N::UAV-1::S2-CRI-SEQ::T-Q2-THREE::CRI-SEQ-M4+CRI-SEQ-M5::UAV-1->T::UAV-1"",""UAV-1::S::UAV-1->N::UAV-1::S2-CRI-SEQ::T-Q2-THREE::CRI-SEQ-M4+CRI-SEQ-M5::UAV-1"",""UAV-3::N::UAV-3::S2-CRI-SEQ::T-Q2-THREE::CRI-SEQ-M2+CRI-SEQ-M3::UAV-3->T::UAV-3"",""UAV-3::S::UAV-3->N::UAV-3::S2-CRI-SEQ::T-Q2-THREE::CRI-SEQ-M2+CRI-SEQ-M3::UAV-3"",""UAV-5::N::UAV-5::S2-CRI-SEQ::T-Q2-TWO::CRI-SEQ-M1::UAV-5->T::UAV-5"",""UAV-5::S::UAV-5->N::UAV-5::S2-CRI-SEQ::T-Q2-TWO::CRI-SEQ-M1::UAV-5""]","[""CRI-SEQ-M1"",""CRI-SEQ-M2"",""CRI-SEQ-M3"",""CRI-SEQ-M4"",""CRI-SEQ-M5""]",8
S2-CRI-SEQ@0.000,L,9,minimize_unserved_remaining_window_level_1,maximize,served-duration equivalent of lexicographic unserved-window minimization,optimal,True,8,0,5,,"{""absolute_tolerance"":1e-07,""value"":8.0}","[""S2-CRI-SEQ::T-Q2-THREE::CRI-SEQ-M2+CRI-SEQ-M3::UAV-3"",""S2-CRI-SEQ::T-Q2-THREE::CRI-SEQ-M4+CRI-SEQ-M5::UAV-1"",""S2-CRI-SEQ::T-Q2-TWO::CRI-SEQ-M1::UAV-5""]","[""UAV-1::N::UAV-1::S2-CRI-SEQ::T-Q2-THREE::CRI-SEQ-M4+CRI-SEQ-M5::UAV-1->T::UAV-1"",""UAV-1::S::UAV-1->N::UAV-1::S2-CRI-SEQ::T-Q2-THREE::CRI-SEQ-M4+CRI-SEQ-M5::UAV-1"",""UAV-3::N::UAV-3::S2-CRI-SEQ::T-Q2-THREE::CRI-SEQ-M2+CRI-SEQ-M3::UAV-3->T::UAV-3"",""UAV-3::S::UAV-3->N::UAV-3::S2-CRI-SEQ::T-Q2-THREE::CRI-SEQ-M2+CRI-SEQ-M3::UAV-3"",""UAV-5::N::UAV-5::S2-CRI-SEQ::T-Q2-TWO::CRI-SEQ-M1::UAV-5->T::UAV-5"",""UAV-5::S::UAV-5->N::UAV-5::S2-CRI-SEQ::T-Q2-TWO::CRI-SEQ-M1::UAV-5""]","[""CRI-SEQ-M1"",""CRI-SEQ-M2"",""CRI-SEQ-M3"",""CRI-SEQ-M4"",""CRI-SEQ-M5""]",8
S2-CRI-SEQ@0.000,L,10,minimize_bombs_used_and_reserved,minimize,sum candidate total bombs,optimal,True,7,0,5,,"{""absolute_tolerance"":1e-07,""value"":7.0}","[""S2-CRI-SEQ::T-Q1-SINGLE::CRI-SEQ-M5::UAV-4"",""S2-CRI-SEQ::T-Q2-THREE::CRI-SEQ-M1+CRI-SEQ-M2::UAV-3"",""S2-CRI-SEQ::T-Q2-THREE::CRI-SEQ-M3+CRI-SEQ-M4::UAV-1""]","[""UAV-1::N::UAV-1::S2-CRI-SEQ::T-Q2-THREE::CRI-SEQ-M3+CRI-SEQ-M4::UAV-1->T::UAV-1"",""UAV-1::S::UAV-1->N::UAV-1::S2-CRI-SEQ::T-Q2-THREE::CRI-SEQ-M3+CRI-SEQ-M4::UAV-1"",""UAV-3::N::UAV-3::S2-CRI-SEQ::T-Q2-THREE::CRI-SEQ-M1+CRI-SEQ-M2::UAV-3->T::UAV-3"",""UAV-3::S::UAV-3->N::UAV-3::S2-CRI-SEQ::T-Q2-THREE::CRI-SEQ-M1+CRI-SEQ-M2::UAV-3"",""UAV-4::N::UAV-4::S2-CRI-SEQ::T-Q1-SINGLE::CRI-SEQ-M5::UAV-4->T::UAV-4"",""UAV-4::S::UAV-4->N::UAV-4::S2-CRI-SEQ::T-Q1-SINGLE::CRI-SEQ-M5::UAV-4""]","[""CRI-SEQ-M1"",""CRI-SEQ-M2"",""CRI-SEQ-M3"",""CRI-SEQ-M4"",""CRI-SEQ-M5""]",7
S2-CRI-SEQ@0.000,L,11,L_minimize_total_path,minimize,service plus selected transition path,optimal,True,3741.484696269,0,5,,"{""absolute_tolerance"":3.74148469626891e-05,""value"":3741.4846962689103}","[""S2-CRI-SEQ::T-Q1-SINGLE::CRI-SEQ-M5::UAV-4"",""S2-CRI-SEQ::T-Q2-THREE::CRI-SEQ-M1+CRI-SEQ-M2::UAV-1"",""S2-CRI-SEQ::T-Q2-THREE::CRI-SEQ-M3+CRI-SEQ-M4::UAV-3""]","[""UAV-1::N::UAV-1::S2-CRI-SEQ::T-Q2-THREE::CRI-SEQ-M1+CRI-SEQ-M2::UAV-1->T::UAV-1"",""UAV-1::S::UAV-1->N::UAV-1::S2-CRI-SEQ::T-Q2-THREE::CRI-SEQ-M1+CRI-SEQ-M2::UAV-1"",""UAV-3::N::UAV-3::S2-CRI-SEQ::T-Q2-THREE::CRI-SEQ-M3+CRI-SEQ-M4::UAV-3->T::UAV-3"",""UAV-3::S::UAV-3->N::UAV-3::S2-CRI-SEQ::T-Q2-THREE::CRI-SEQ-M3+CRI-SEQ-M4::UAV-3"",""UAV-4::N::UAV-4::S2-CRI-SEQ::T-Q1-SINGLE::CRI-SEQ-M5::UAV-4->T::UAV-4"",""UAV-4::S::UAV-4->N::UAV-4::S2-CRI-SEQ::T-Q1-SINGLE::CRI-SEQ-M5::UAV-4""]","[""CRI-SEQ-M1"",""CRI-SEQ-M2"",""CRI-SEQ-M3"",""CRI-SEQ-M4"",""CRI-SEQ-M5""]",7
S2-CRI-SEQ@0.000,L,12,L_minimize_turn_at_minimum_path,minimize,service plus transition turn proxy,optimal,True,5.151868099,0.00000001,5,,"{""absolute_tolerance"":1e-07,""value"":5.151868098772724}","[""S2-CRI-SEQ::T-Q1-SINGLE::CRI-SEQ-M3::UAV-4"",""S2-CRI-SEQ::T-Q2-THREE::CRI-SEQ-M1+CRI-SEQ-M2::UAV-1"",""S2-CRI-SEQ::T-Q2-THREE::CRI-SEQ-M4+CRI-SEQ-M5::UAV-3""]","[""UAV-1::N::UAV-1::S2-CRI-SEQ::T-Q2-THREE::CRI-SEQ-M1+CRI-SEQ-M2::UAV-1->T::UAV-1"",""UAV-1::S::UAV-1->N::UAV-1::S2-CRI-SEQ::T-Q2-THREE::CRI-SEQ-M1+CRI-SEQ-M2::UAV-1"",""UAV-3::N::UAV-3::S2-CRI-SEQ::T-Q2-THREE::CRI-SEQ-M4+CRI-SEQ-M5::UAV-3->T::UAV-3"",""UAV-3::S::UAV-3->N::UAV-3::S2-CRI-SEQ::T-Q2-THREE::CRI-SEQ-M4+CRI-SEQ-M5::UAV-3"",""UAV-4::N::UAV-4::S2-CRI-SEQ::T-Q1-SINGLE::CRI-SEQ-M3::UAV-4->T::UAV-4"",""UAV-4::S::UAV-4->N::UAV-4::S2-CRI-SEQ::T-Q1-SINGLE::CRI-SEQ-M3::UAV-4""]","[""CRI-SEQ-M1"",""CRI-SEQ-M2"",""CRI-SEQ-M3"",""CRI-SEQ-M4"",""CRI-SEQ-M5""]",7
S2-CRI-SEQ@0.000,L,13,minimize_flexible_plan_changes,minimize,explicit new-instance count; executed and committed instances are outside the flexible set,optimal,True,3,0,5,,"{""absolute_tolerance"":1e-07,""value"":3.0}","[""S2-CRI-SEQ::T-Q1-SINGLE::CRI-SEQ-M5::UAV-4"",""S2-CRI-SEQ::T-Q2-THREE::CRI-SEQ-M1+CRI-SEQ-M2::UAV-1"",""S2-CRI-SEQ::T-Q2-THREE::CRI-SEQ-M3+CRI-SEQ-M4::UAV-3""]","[""UAV-1::N::UAV-1::S2-CRI-SEQ::T-Q2-THREE::CRI-SEQ-M1+CRI-SEQ-M2::UAV-1->T::UAV-1"",""UAV-1::S::UAV-1->N::UAV-1::S2-CRI-SEQ::T-Q2-THREE::CRI-SEQ-M1+CRI-SEQ-M2::UAV-1"",""UAV-3::N::UAV-3::S2-CRI-SEQ::T-Q2-THREE::CRI-SEQ-M3+CRI-SEQ-M4::UAV-3->T::UAV-3"",""UAV-3::S::UAV-3->N::UAV-3::S2-CRI-SEQ::T-Q2-THREE::CRI-SEQ-M3+CRI-SEQ-M4::UAV-3"",""UAV-4::N::UAV-4::S2-CRI-SEQ::T-Q1-SINGLE::CRI-SEQ-M5::UAV-4->T::UAV-4"",""UAV-4::S::UAV-4->N::UAV-4::S2-CRI-SEQ::T-Q1-SINGLE::CRI-SEQ-M5::UAV-4""]","[""CRI-SEQ-M1"",""CRI-SEQ-M2"",""CRI-SEQ-M3"",""CRI-SEQ-M4"",""CRI-SEQ-M5""]",7
S2-CRI-SEQ@0.000,T,1,maximize_full_defence_level_3,maximize,sum y_m for threat_level=3,optimal,True,2,0,5,,"{""absolute_tolerance"":1e-07,""value"":2.0}","[""S2-CRI-SEQ::T-Q2-THREE::CRI-SEQ-M4::UAV-1"",""S2-CRI-SEQ::T-Q2-TWO::CRI-SEQ-M1::UAV-5""]","[""UAV-1::N::UAV-1::S2-CRI-SEQ::T-Q2-THREE::CRI-SEQ-M4::UAV-1->T::UAV-1"",""UAV-1::S::UAV-1->N::UAV-1::S2-CRI-SEQ::T-Q2-THREE::CRI-SEQ-M4::UAV-1"",""UAV-5::N::UAV-5::S2-CRI-SEQ::T-Q2-TWO::CRI-SEQ-M1::UAV-5->T::UAV-5"",""UAV-5::S::UAV-5->N::UAV-5::S2-CRI-SEQ::T-Q2-TWO::CRI-SEQ-M1::UAV-5""]","[""CRI-SEQ-M1"",""CRI-SEQ-M4""]",5
S2-CRI-SEQ@0.000,T,2,minimize_served_reaction_time_level_3,minimize,sum y_m*(latest_feasible_command_time-current_time),optimal,True,138.0636,0,5,,"{""absolute_tolerance"":1.3806360000000001e-06,""value"":138.0636}","[""S2-CRI-SEQ::T-Q1-SINGLE::CRI-SEQ-M4::UAV-1"",""S2-CRI-SEQ::T-Q2-TWO::CRI-SEQ-M1::UAV-5""]","[""UAV-1::N::UAV-1::S2-CRI-SEQ::T-Q1-SINGLE::CRI-SEQ-M4::UAV-1->T::UAV-1"",""UAV-1::S::UAV-1->N::UAV-1::S2-CRI-SEQ::T-Q1-SINGLE::CRI-SEQ-M4::UAV-1"",""UAV-5::N::UAV-5::S2-CRI-SEQ::T-Q2-TWO::CRI-SEQ-M1::UAV-5->T::UAV-5"",""UAV-5::S::UAV-5->N::UAV-5::S2-CRI-SEQ::T-Q2-TWO::CRI-SEQ-M1::UAV-5""]","[""CRI-SEQ-M1"",""CRI-SEQ-M4""]",3
S2-CRI-SEQ@0.000,T,3,maximize_full_defence_level_2,maximize,sum y_m for threat_level=2,optimal,True,2,0,5,,"{""absolute_tolerance"":1e-07,""value"":2.0}","[""S2-CRI-SEQ::T-Q2-THREE::CRI-SEQ-M1+CRI-SEQ-M2::UAV-1"",""S2-CRI-SEQ::T-Q2-THREE::CRI-SEQ-M4+CRI-SEQ-M5::UAV-3""]","[""UAV-1::N::UAV-1::S2-CRI-SEQ::T-Q2-THREE::CRI-SEQ-M1+CRI-SEQ-M2::UAV-1->T::UAV-1"",""UAV-1::S::UAV-1->N::UAV-1::S2-CRI-SEQ::T-Q2-THREE::CRI-SEQ-M1+CRI-SEQ-M2::UAV-1"",""UAV-3::N::UAV-3::S2-CRI-SEQ::T-Q2-THREE::CRI-SEQ-M4+CRI-SEQ-M5::UAV-3->T::UAV-3"",""UAV-3::S::UAV-3->N::UAV-3::S2-CRI-SEQ::T-Q2-THREE::CRI-SEQ-M4+CRI-SEQ-M5::UAV-3""]","[""CRI-SEQ-M1"",""CRI-SEQ-M2"",""CRI-SEQ-M4"",""CRI-SEQ-M5""]",6
S2-CRI-SEQ@0.000,T,4,minimize_served_reaction_time_level_2,minimize,sum y_m*(latest_feasible_command_time-current_time),optimal,True,182.0636,0,5,,"{""absolute_tolerance"":1.8206360000000001e-06,""value"":182.0636}","[""S2-CRI-SEQ::T-Q2-THREE::CRI-SEQ-M4+CRI-SEQ-M5::UAV-1"",""S2-CRI-SEQ::T-Q2-TWO::CRI-SEQ-M1::UAV-2"",""S2-CRI-SEQ::T-Q2-TWO::CRI-SEQ-M2::UAV-5""]","[""UAV-1::N::UAV-1::S2-CRI-SEQ::T-Q2-THREE::CRI-SEQ-M4+CRI-SEQ-M5::UAV-1->T::UAV-1"",""UAV-1::S::UAV-1->N::UAV-1::S2-CRI-SEQ::T-Q2-THREE::CRI-SEQ-M4+CRI-SEQ-M5::UAV-1"",""UAV-2::N::UAV-2::S2-CRI-SEQ::T-Q2-TWO::CRI-SEQ-M1::UAV-2->T::UAV-2"",""UAV-2::S::UAV-2->N::UAV-2::S2-CRI-SEQ::T-Q2-TWO::CRI-SEQ-M1::UAV-2"",""UAV-5::N::UAV-5::S2-CRI-SEQ::T-Q2-TWO::CRI-SEQ-M2::UAV-5->T::UAV-5"",""UAV-5::S::UAV-5->N::UAV-5::S2-CRI-SEQ::T-Q2-TWO::CRI-SEQ-M2::UAV-5""]","[""CRI-SEQ-M1"",""CRI-SEQ-M2"",""CRI-SEQ-M4"",""CRI-SEQ-M5""]",7
S2-CRI-SEQ@0.000,T,5,maximize_full_defence_level_1,maximize,sum y_m for threat_level=1,optimal,True,1,0,5,,"{""absolute_tolerance"":1e-07,""value"":1.0}","[""S2-CRI-SEQ::T-Q1-SINGLE::CRI-SEQ-M1::UAV-4"",""S2-CRI-SEQ::T-Q2-THREE::CRI-SEQ-M3+CRI-SEQ-M4::UAV-1"",""S2-CRI-SEQ::T-Q2-TWO::CRI-SEQ-M2::UAV-5"",""S2-CRI-SEQ::T-Q2-TWO::CRI-SEQ-M5::UAV-2""]","[""UAV-1::N::UAV-1::S2-CRI-SEQ::T-Q2-THREE::CRI-SEQ-M3+CRI-SEQ-M4::UAV-1->T::UAV-1"",""UAV-1::S::UAV-1->N::UAV-1::S2-CRI-SEQ::T-Q2-THREE::CRI-SEQ-M3+CRI-SEQ-M4::UAV-1"",""UAV-2::N::UAV-2::S2-CRI-SEQ::T-Q2-TWO::CRI-SEQ-M5::UAV-2->T::UAV-2"",""UAV-2::S::UAV-2->N::UAV-2::S2-CRI-SEQ::T-Q2-TWO::CRI-SEQ-M5::UAV-2"",""UAV-4::N::UAV-4::S2-CRI-SEQ::T-Q1-SINGLE::CRI-SEQ-M1::UAV-4->T::UAV-4"",""UAV-4::S::UAV-4->N::UAV-4::S2-CRI-SEQ::T-Q1-SINGLE::CRI-SEQ-M1::UAV-4"",""UAV-5::N::UAV-5::S2-CRI-SEQ::T-Q2-TWO::CRI-SEQ-M2::UAV-5->T::UAV-5"",""UAV-5::S::UAV-5->N::UAV-5::S2-CRI-SEQ::T-Q2-TWO::CRI-SEQ-M2::UAV-5""]","[""CRI-SEQ-M1"",""CRI-SEQ-M2"",""CRI-SEQ-M3"",""CRI-SEQ-M4"",""CRI-SEQ-M5""]",8
S2-CRI-SEQ@0.000,T,6,minimize_served_reaction_time_level_1,minimize,sum y_m*(latest_feasible_command_time-current_time),optimal,True,80.0318,0,5,,"{""absolute_tolerance"":8.003180000000001e-07,""value"":80.0318}","[""S2-CRI-SEQ::T-Q2-THREE::CRI-SEQ-M2+CRI-SEQ-M3::UAV-3"",""S2-CRI-SEQ::T-Q2-THREE::CRI-SEQ-M4+CRI-SEQ-M5::UAV-1"",""S2-CRI-SEQ::T-Q2-TWO::CRI-SEQ-M1::UAV-5""]","[""UAV-1::N::UAV-1::S2-CRI-SEQ::T-Q2-THREE::CRI-SEQ-M4+CRI-SEQ-M5::UAV-1->T::UAV-1"",""UAV-1::S::UAV-1->N::UAV-1::S2-CRI-SEQ::T-Q2-THREE::CRI-SEQ-M4+CRI-SEQ-M5::UAV-1"",""UAV-3::N::UAV-3::S2-CRI-SEQ::T-Q2-THREE::CRI-SEQ-M2+CRI-SEQ-M3::UAV-3->T::UAV-3"",""UAV-3::S::UAV-3->N::UAV-3::S2-CRI-SEQ::T-Q2-THREE::CRI-SEQ-M2+CRI-SEQ-M3::UAV-3"",""UAV-5::N::UAV-5::S2-CRI-SEQ::T-Q2-TWO::CRI-SEQ-M1::UAV-5->T::UAV-5"",""UAV-5::S::UAV-5->N::UAV-5::S2-CRI-SEQ::T-Q2-TWO::CRI-SEQ-M1::UAV-5""]","[""CRI-SEQ-M1"",""CRI-SEQ-M2"",""CRI-SEQ-M3"",""CRI-SEQ-M4"",""CRI-SEQ-M5""]",8
S2-CRI-SEQ@0.000,T,7,minimize_unserved_remaining_window_level_3,maximize,served-duration equivalent of lexicographic unserved-window minimization,optimal,True,16,0,5,,"{""absolute_tolerance"":1.6e-07,""value"":16.0}","[""S2-CRI-SEQ::T-Q2-THREE::CRI-SEQ-M2+CRI-SEQ-M3::UAV-3"",""S2-CRI-SEQ::T-Q2-THREE::CRI-SEQ-M4+CRI-SEQ-M5::UAV-1"",""S2-CRI-SEQ::T-Q2-TWO::CRI-SEQ-M1::UAV-5""]","[""UAV-1::N::UAV-1::S2-CRI-SEQ::T-Q2-THREE::CRI-SEQ-M4+CRI-SEQ-M5::UAV-1->T::UAV-1"",""UAV-1::S::UAV-1->N::UAV-1::S2-CRI-SEQ::T-Q2-THREE::CRI-SEQ-M4+CRI-SEQ-M5::UAV-1"",""UAV-3::N::UAV-3::S2-CRI-SEQ::T-Q2-THREE::CRI-SEQ-M2+CRI-SEQ-M3::UAV-3->T::UAV-3"",""UAV-3::S::UAV-3->N::UAV-3::S2-CRI-SEQ::T-Q2-THREE::CRI-SEQ-M2+CRI-SEQ-M3::UAV-3"",""UAV-5::N::UAV-5::S2-CRI-SEQ::T-Q2-TWO::CRI-SEQ-M1::UAV-5->T::UAV-5"",""UAV-5::S::UAV-5->N::UAV-5::S2-CRI-SEQ::T-Q2-TWO::CRI-SEQ-M1::UAV-5""]","[""CRI-SEQ-M1"",""CRI-SEQ-M2"",""CRI-SEQ-M3"",""CRI-SEQ-M4"",""CRI-SEQ-M5""]",8
S2-CRI-SEQ@0.000,T,8,minimize_unserved_remaining_window_level_2,maximize,served-duration equivalent of lexicographic unserved-window minimization,optimal,True,16,0,5,,"{""absolute_tolerance"":1.6e-07,""value"":16.0}","[""S2-CRI-SEQ::T-Q2-THREE::CRI-SEQ-M2+CRI-SEQ-M3::UAV-3"",""S2-CRI-SEQ::T-Q2-THREE::CRI-SEQ-M4+CRI-SEQ-M5::UAV-1"",""S2-CRI-SEQ::T-Q2-TWO::CRI-SEQ-M1::UAV-5""]","[""UAV-1::N::UAV-1::S2-CRI-SEQ::T-Q2-THREE::CRI-SEQ-M4+CRI-SEQ-M5::UAV-1->T::UAV-1"",""UAV-1::S::UAV-1->N::UAV-1::S2-CRI-SEQ::T-Q2-THREE::CRI-SEQ-M4+CRI-SEQ-M5::UAV-1"",""UAV-3::N::UAV-3::S2-CRI-SEQ::T-Q2-THREE::CRI-SEQ-M2+CRI-SEQ-M3::UAV-3->T::UAV-3"",""UAV-3::S::UAV-3->N::UAV-3::S2-CRI-SEQ::T-Q2-THREE::CRI-SEQ-M2+CRI-SEQ-M3::UAV-3"",""UAV-5::N::UAV-5::S2-CRI-SEQ::T-Q2-TWO::CRI-SEQ-M1::UAV-5->T::UAV-5"",""UAV-5::S::UAV-5->N::UAV-5::S2-CRI-SEQ::T-Q2-TWO::CRI-SEQ-M1::UAV-5""]","[""CRI-SEQ-M1"",""CRI-SEQ-M2"",""CRI-SEQ-M3"",""CRI-SEQ-M4"",""CRI-SEQ-M5""]",8
S2-CRI-SEQ@0.000,T,9,minimize_unserved_remaining_window_level_1,maximize,served-duration equivalent of lexicographic unserved-window minimization,optimal,True,8,0,5,,"{""absolute_tolerance"":1e-07,""value"":8.0}","[""S2-CRI-SEQ::T-Q2-THREE::CRI-SEQ-M2+CRI-SEQ-M3::UAV-3"",""S2-CRI-SEQ::T-Q2-THREE::CRI-SEQ-M4+CRI-SEQ-M5::UAV-1"",""S2-CRI-SEQ::T-Q2-TWO::CRI-SEQ-M1::UAV-5""]","[""UAV-1::N::UAV-1::S2-CRI-SEQ::T-Q2-THREE::CRI-SEQ-M4+CRI-SEQ-M5::UAV-1->T::UAV-1"",""UAV-1::S::UAV-1->N::UAV-1::S2-CRI-SEQ::T-Q2-THREE::CRI-SEQ-M4+CRI-SEQ-M5::UAV-1"",""UAV-3::N::UAV-3::S2-CRI-SEQ::T-Q2-THREE::CRI-SEQ-M2+CRI-SEQ-M3::UAV-3->T::UAV-3"",""UAV-3::S::UAV-3->N::UAV-3::S2-CRI-SEQ::T-Q2-THREE::CRI-SEQ-M2+CRI-SEQ-M3::UAV-3"",""UAV-5::N::UAV-5::S2-CRI-SEQ::T-Q2-TWO::CRI-SEQ-M1::UAV-5->T::UAV-5"",""UAV-5::S::UAV-5->N::UAV-5::S2-CRI-SEQ::T-Q2-TWO::CRI-SEQ-M1::UAV-5""]","[""CRI-SEQ-M1"",""CRI-SEQ-M2"",""CRI-SEQ-M3"",""CRI-SEQ-M4"",""CRI-SEQ-M5""]",8
S2-CRI-SEQ@0.000,T,10,minimize_bombs_used_and_reserved,minimize,sum candidate total bombs,optimal,True,7,0,5,,"{""absolute_tolerance"":1e-07,""value"":7.0}","[""S2-CRI-SEQ::T-Q1-SINGLE::CRI-SEQ-M5::UAV-4"",""S2-CRI-SEQ::T-Q2-THREE::CRI-SEQ-M1+CRI-SEQ-M2::UAV-3"",""S2-CRI-SEQ::T-Q2-THREE::CRI-SEQ-M3+CRI-SEQ-M4::UAV-1""]","[""UAV-1::N::UAV-1::S2-CRI-SEQ::T-Q2-THREE::CRI-SEQ-M3+CRI-SEQ-M4::UAV-1->T::UAV-1"",""UAV-1::S::UAV-1->N::UAV-1::S2-CRI-SEQ::T-Q2-THREE::CRI-SEQ-M3+CRI-SEQ-M4::UAV-1"",""UAV-3::N::UAV-3::S2-CRI-SEQ::T-Q2-THREE::CRI-SEQ-M1+CRI-SEQ-M2::UAV-3->T::UAV-3"",""UAV-3::S::UAV-3->N::UAV-3::S2-CRI-SEQ::T-Q2-THREE::CRI-SEQ-M1+CRI-SEQ-M2::UAV-3"",""UAV-4::N::UAV-4::S2-CRI-SEQ::T-Q1-SINGLE::CRI-SEQ-M5::UAV-4->T::UAV-4"",""UAV-4::S::UAV-4->N::UAV-4::S2-CRI-SEQ::T-Q1-SINGLE::CRI-SEQ-M5::UAV-4""]","[""CRI-SEQ-M1"",""CRI-SEQ-M2"",""CRI-SEQ-M3"",""CRI-SEQ-M4"",""CRI-SEQ-M5""]",7
S2-CRI-SEQ@0.000,T,11,T_minimize_total_turn,minimize,service plus selected transition turn proxy,optimal,True,5.151868099,0,5,,"{""absolute_tolerance"":1e-07,""value"":5.151868098772724}","[""S2-CRI-SEQ::T-Q1-SINGLE::CRI-SEQ-M5::UAV-4"",""S2-CRI-SEQ::T-Q2-THREE::CRI-SEQ-M1+CRI-SEQ-M2::UAV-1"",""S2-CRI-SEQ::T-Q2-THREE::CRI-SEQ-M3+CRI-SEQ-M4::UAV-3""]","[""UAV-1::N::UAV-1::S2-CRI-SEQ::T-Q2-THREE::CRI-SEQ-M1+CRI-SEQ-M2::UAV-1->T::UAV-1"",""UAV-1::S::UAV-1->N::UAV-1::S2-CRI-SEQ::T-Q2-THREE::CRI-SEQ-M1+CRI-SEQ-M2::UAV-1"",""UAV-3::N::UAV-3::S2-CRI-SEQ::T-Q2-THREE::CRI-SEQ-M3+CRI-SEQ-M4::UAV-3->T::UAV-3"",""UAV-3::S::UAV-3->N::UAV-3::S2-CRI-SEQ::T-Q2-THREE::CRI-SEQ-M3+CRI-SEQ-M4::UAV-3"",""UAV-4::N::UAV-4::S2-CRI-SEQ::T-Q1-SINGLE::CRI-SEQ-M5::UAV-4->T::UAV-4"",""UAV-4::S::UAV-4->N::UAV-4::S2-CRI-SEQ::T-Q1-SINGLE::CRI-SEQ-M5::UAV-4""]","[""CRI-SEQ-M1"",""CRI-SEQ-M2"",""CRI-SEQ-M3"",""CRI-SEQ-M4"",""CRI-SEQ-M5""]",7
S2-CRI-SEQ@0.000,T,12,T_minimize_path_at_minimum_turn,minimize,service plus selected transition path,optimal,True,3741.484690736,0,5,,"{""absolute_tolerance"":3.7414846907356735e-05,""value"":3741.4846907356737}","[""S2-CRI-SEQ::T-Q1-SINGLE::CRI-SEQ-M5::UAV-4"",""S2-CRI-SEQ::T-Q2-THREE::CRI-SEQ-M1+CRI-SEQ-M2::UAV-1"",""S2-CRI-SEQ::T-Q2-THREE::CRI-SEQ-M3+CRI-SEQ-M4::UAV-3""]","[""UAV-1::N::UAV-1::S2-CRI-SEQ::T-Q2-THREE::CRI-SEQ-M1+CRI-SEQ-M2::UAV-1->T::UAV-1"",""UAV-1::S::UAV-1->N::UAV-1::S2-CRI-SEQ::T-Q2-THREE::CRI-SEQ-M1+CRI-SEQ-M2::UAV-1"",""UAV-3::N::UAV-3::S2-CRI-SEQ::T-Q2-THREE::CRI-SEQ-M3+CRI-SEQ-M4::UAV-3->T::UAV-3"",""UAV-3::S::UAV-3->N::UAV-3::S2-CRI-SEQ::T-Q2-THREE::CRI-SEQ-M3+CRI-SEQ-M4::UAV-3"",""UAV-4::N::UAV-4::S2-CRI-SEQ::T-Q1-SINGLE::CRI-SEQ-M5::UAV-4->T::UAV-4"",""UAV-4::S::UAV-4->N::UAV-4::S2-CRI-SEQ::T-Q1-SINGLE::CRI-SEQ-M5::UAV-4""]","[""CRI-SEQ-M1"",""CRI-SEQ-M2"",""CRI-SEQ-M3"",""CRI-SEQ-M4"",""CRI-SEQ-M5""]",7
S2-CRI-SEQ@0.000,T,13,minimize_flexible_plan_changes,minimize,explicit new-instance count; executed and committed instances are outside the flexible set,optimal,True,3,0,5,,"{""absolute_tolerance"":1e-07,""value"":3.0}","[""S2-CRI-SEQ::T-Q1-SINGLE::CRI-SEQ-M5::UAV-4"",""S2-CRI-SEQ::T-Q2-THREE::CRI-SEQ-M1+CRI-SEQ-M2::UAV-1"",""S2-CRI-SEQ::T-Q2-THREE::CRI-SEQ-M3+CRI-SEQ-M4::UAV-3""]","[""UAV-1::N::UAV-1::S2-CRI-SEQ::T-Q2-THREE::CRI-SEQ-M1+CRI-SEQ-M2::UAV-1->T::UAV-1"",""UAV-1::S::UAV-1->N::UAV-1::S2-CRI-SEQ::T-Q2-THREE::CRI-SEQ-M1+CRI-SEQ-M2::UAV-1"",""UAV-3::N::UAV-3::S2-CRI-SEQ::T-Q2-THREE::CRI-SEQ-M3+CRI-SEQ-M4::UAV-3->T::UAV-3"",""UAV-3::S::UAV-3->N::UAV-3::S2-CRI-SEQ::T-Q2-THREE::CRI-SEQ-M3+CRI-SEQ-M4::UAV-3"",""UAV-4::N::UAV-4::S2-CRI-SEQ::T-Q1-SINGLE::CRI-SEQ-M5::UAV-4->T::UAV-4"",""UAV-4::S::UAV-4->N::UAV-4::S2-CRI-SEQ::T-Q1-SINGLE::CRI-SEQ-M5::UAV-4""]","[""CRI-SEQ-M1"",""CRI-SEQ-M2"",""CRI-SEQ-M3"",""CRI-SEQ-M4"",""CRI-SEQ-M5""]",7
S2-CRI-SUR@32.000,L,1,maximize_full_defence_level_3,maximize,sum y_m for threat_level=3,optimal,True,2,0,5,,"{""absolute_tolerance"":1e-07,""value"":2.0}","[""S2-CRI-SUR::T-Q2-TWO::CRI-SUR-M4+CRI-SUR-M5::UAV-5""]","[""UAV-5::N::UAV-5::S2-CRI-SUR::T-Q2-TWO::CRI-SUR-M4+CRI-SUR-M5::UAV-5->T::UAV-5"",""UAV-5::S::UAV-5->N::UAV-5::S2-CRI-SUR::T-Q2-TWO::CRI-SUR-M4+CRI-SUR-M5::UAV-5""]","[""CRI-SUR-M4"",""CRI-SUR-M5""]",2
S2-CRI-SUR@32.000,L,2,minimize_served_reaction_time_level_3,minimize,sum y_m*(latest_feasible_command_time-current_time),optimal,True,30.655366,0,5,,"{""absolute_tolerance"":3.0655366e-07,""value"":30.655366}","[""S2-CRI-SUR::T-Q2-TWO::CRI-SUR-M4+CRI-SUR-M5::UAV-5""]","[""UAV-5::N::UAV-5::S2-CRI-SUR::T-Q2-TWO::CRI-SUR-M4+CRI-SUR-M5::UAV-5->T::UAV-5"",""UAV-5::S::UAV-5->N::UAV-5::S2-CRI-SUR::T-Q2-TWO::CRI-SUR-M4+CRI-SUR-M5::UAV-5""]","[""CRI-SUR-M4"",""CRI-SUR-M5""]",2
S2-CRI-SUR@32.000,L,3,maximize_full_defence_level_2,maximize,sum y_m for threat_level=2,optimal,True,1,0,5,,"{""absolute_tolerance"":1e-07,""value"":1.0}","[""S2-CRI-SUR::T-Q2-TWO::CRI-SUR-M3::UAV-2"",""S2-CRI-SUR::T-Q2-TWO::CRI-SUR-M4+CRI-SUR-M5::UAV-5""]","[""UAV-2::N::UAV-2::S2-CRI-SUR::T-Q2-TWO::CRI-SUR-M3::UAV-2->T::UAV-2"",""UAV-2::S::UAV-2->N::UAV-2::S2-CRI-SUR::T-Q2-TWO::CRI-SUR-M3::UAV-2"",""UAV-5::N::UAV-5::S2-CRI-SUR::T-Q2-TWO::CRI-SUR-M4+CRI-SUR-M5::UAV-5->T::UAV-5"",""UAV-5::S::UAV-5->N::UAV-5::S2-CRI-SUR::T-Q2-TWO::CRI-SUR-M4+CRI-SUR-M5::UAV-5""]","[""CRI-SUR-M3"",""CRI-SUR-M4"",""CRI-SUR-M5""]",4
S2-CRI-SUR@32.000,L,4,minimize_served_reaction_time_level_2,minimize,sum y_m*(latest_feasible_command_time-current_time),optimal,True,50.0318,0,5,,"{""absolute_tolerance"":5.003180000000001e-07,""value"":50.031800000000004}","[""S2-CRI-SUR::T-Q2-THREE::CRI-SUR-M3::UAV-3"",""S2-CRI-SUR::T-Q2-TWO::CRI-SUR-M4+CRI-SUR-M5::UAV-5""]","[""UAV-3::N::UAV-3::S2-CRI-SUR::T-Q2-THREE::CRI-SUR-M3::UAV-3->T::UAV-3"",""UAV-3::S::UAV-3->N::UAV-3::S2-CRI-SUR::T-Q2-THREE::CRI-SUR-M3::UAV-3"",""UAV-5::N::UAV-5::S2-CRI-SUR::T-Q2-TWO::CRI-SUR-M4+CRI-SUR-M5::UAV-5->T::UAV-5"",""UAV-5::S::UAV-5->N::UAV-5::S2-CRI-SUR::T-Q2-TWO::CRI-SUR-M4+CRI-SUR-M5::UAV-5""]","[""CRI-SUR-M3"",""CRI-SUR-M4"",""CRI-SUR-M5""]",5
S2-CRI-SUR@32.000,L,5,maximize_full_defence_level_1,maximize,sum y_m for threat_level=1,optimal,True,1,0,5,,"{""absolute_tolerance"":1e-07,""value"":1.0}","[""S2-CRI-SUR::T-Q1-SINGLE::CRI-SUR-M4::UAV-4"",""S2-CRI-SUR::T-Q2-THREE::CRI-SUR-M3::UAV-3"",""S2-CRI-SUR::T-Q2-TWO::CRI-SUR-M2+CRI-SUR-M5::UAV-5""]","[""UAV-3::N::UAV-3::S2-CRI-SUR::T-Q2-THREE::CRI-SUR-M3::UAV-3->T::UAV-3"",""UAV-3::S::UAV-3->N::UAV-3::S2-CRI-SUR::T-Q2-THREE::CRI-SUR-M3::UAV-3"",""UAV-4::N::UAV-4::S2-CRI-SUR::T-Q1-SINGLE::CRI-SUR-M4::UAV-4->T::UAV-4"",""UAV-4::S::UAV-4->N::UAV-4::S2-CRI-SUR::T-Q1-SINGLE::CRI-SUR-M4::UAV-4"",""UAV-5::N::UAV-5::S2-CRI-SUR::T-Q2-TWO::CRI-SUR-M2+CRI-SUR-M5::UAV-5->T::UAV-5"",""UAV-5::S::UAV-5->N::UAV-5::S2-CRI-SUR::T-Q2-TWO::CRI-SUR-M2+CRI-SUR-M5::UAV-5""]","[""CRI-SUR-M2"",""CRI-SUR-M3"",""CRI-SUR-M4"",""CRI-SUR-M5""]",6
S2-CRI-SUR@32.000,L,6,minimize_served_reaction_time_level_1,minimize,sum y_m*(latest_feasible_command_time-current_time),optimal,True,26.0318,0,5,,"{""absolute_tolerance"":2.6031800000000004e-07,""value"":26.031800000000004}","[""S2-CRI-SUR::T-Q2-THREE::CRI-SUR-M2+CRI-SUR-M4+CRI-SUR-M5::UAV-3"",""S2-CRI-SUR::T-Q2-TWO::CRI-SUR-M3::UAV-5""]","[""UAV-3::N::UAV-3::S2-CRI-SUR::T-Q2-THREE::CRI-SUR-M2+CRI-SUR-M4+CRI-SUR-M5::UAV-3->T::UAV-3"",""UAV-3::S::UAV-3->N::UAV-3::S2-CRI-SUR::T-Q2-THREE::CRI-SUR-M2+CRI-SUR-M4+CRI-SUR-M5::UAV-3"",""UAV-5::N::UAV-5::S2-CRI-SUR::T-Q2-TWO::CRI-SUR-M3::UAV-5->T::UAV-5"",""UAV-5::S::UAV-5->N::UAV-5::S2-CRI-SUR::T-Q2-TWO::CRI-SUR-M3::UAV-5""]","[""CRI-SUR-M2"",""CRI-SUR-M3"",""CRI-SUR-M4"",""CRI-SUR-M5""]",5
S2-CRI-SUR@32.000,L,7,minimize_unserved_remaining_window_level_3,maximize,served-duration equivalent of lexicographic unserved-window minimization,optimal,True,16,0,5,,"{""absolute_tolerance"":1.6e-07,""value"":16.0}","[""S2-CRI-SUR::T-Q2-THREE::CRI-SUR-M2+CRI-SUR-M4+CRI-SUR-M5::UAV-3"",""S2-CRI-SUR::T-Q2-TWO::CRI-SUR-M3::UAV-5""]","[""UAV-3::N::UAV-3::S2-CRI-SUR::T-Q2-THREE::CRI-SUR-M2+CRI-SUR-M4+CRI-SUR-M5::UAV-3->T::UAV-3"",""UAV-3::S::UAV-3->N::UAV-3::S2-CRI-SUR::T-Q2-THREE::CRI-SUR-M2+CRI-SUR-M4+CRI-SUR-M5::UAV-3"",""UAV-5::N::UAV-5::S2-CRI-SUR::T-Q2-TWO::CRI-SUR-M3::UAV-5->T::UAV-5"",""UAV-5::S::UAV-5->N::UAV-5::S2-CRI-SUR::T-Q2-TWO::CRI-SUR-M3::UAV-5""]","[""CRI-SUR-M2"",""CRI-SUR-M3"",""CRI-SUR-M4"",""CRI-SUR-M5""]",5
S2-CRI-SUR@32.000,L,8,minimize_unserved_remaining_window_level_2,maximize,served-duration equivalent of lexicographic unserved-window minimization,optimal,True,8,0,5,,"{""absolute_tolerance"":1e-07,""value"":8.0}","[""S2-CRI-SUR::T-Q2-THREE::CRI-SUR-M2+CRI-SUR-M4+CRI-SUR-M5::UAV-3"",""S2-CRI-SUR::T-Q2-TWO::CRI-SUR-M3::UAV-5""]","[""UAV-3::N::UAV-3::S2-CRI-SUR::T-Q2-THREE::CRI-SUR-M2+CRI-SUR-M4+CRI-SUR-M5::UAV-3->T::UAV-3"",""UAV-3::S::UAV-3->N::UAV-3::S2-CRI-SUR::T-Q2-THREE::CRI-SUR-M2+CRI-SUR-M4+CRI-SUR-M5::UAV-3"",""UAV-5::N::UAV-5::S2-CRI-SUR::T-Q2-TWO::CRI-SUR-M3::UAV-5->T::UAV-5"",""UAV-5::S::UAV-5->N::UAV-5::S2-CRI-SUR::T-Q2-TWO::CRI-SUR-M3::UAV-5""]","[""CRI-SUR-M2"",""CRI-SUR-M3"",""CRI-SUR-M4"",""CRI-SUR-M5""]",5
S2-CRI-SUR@32.000,L,9,minimize_unserved_remaining_window_level_1,maximize,served-duration equivalent of lexicographic unserved-window minimization,optimal,True,8,0,5,,"{""absolute_tolerance"":1e-07,""value"":8.0}","[""S2-CRI-SUR::T-Q2-THREE::CRI-SUR-M2+CRI-SUR-M4+CRI-SUR-M5::UAV-3"",""S2-CRI-SUR::T-Q2-TWO::CRI-SUR-M3::UAV-5""]","[""UAV-3::N::UAV-3::S2-CRI-SUR::T-Q2-THREE::CRI-SUR-M2+CRI-SUR-M4+CRI-SUR-M5::UAV-3->T::UAV-3"",""UAV-3::S::UAV-3->N::UAV-3::S2-CRI-SUR::T-Q2-THREE::CRI-SUR-M2+CRI-SUR-M4+CRI-SUR-M5::UAV-3"",""UAV-5::N::UAV-5::S2-CRI-SUR::T-Q2-TWO::CRI-SUR-M3::UAV-5->T::UAV-5"",""UAV-5::S::UAV-5->N::UAV-5::S2-CRI-SUR::T-Q2-TWO::CRI-SUR-M3::UAV-5""]","[""CRI-SUR-M2"",""CRI-SUR-M3"",""CRI-SUR-M4"",""CRI-SUR-M5""]",5
S2-CRI-SUR@32.000,L,10,minimize_bombs_used_and_reserved,minimize,sum candidate total bombs,optimal,True,4,0,5,,"{""absolute_tolerance"":1e-07,""value"":4.0}","[""S2-CRI-SUR::T-Q1-SINGLE::CRI-SUR-M2::UAV-4"",""S2-CRI-SUR::T-Q1-SINGLE::CRI-SUR-M3::UAV-4"",""S2-CRI-SUR::T-Q2-TWO::CRI-SUR-M4+CRI-SUR-M5::UAV-5""]","[""UAV-4::N::UAV-4::S2-CRI-SUR::T-Q1-SINGLE::CRI-SUR-M2::UAV-4->N::UAV-4::S2-CRI-SUR::T-Q1-SINGLE::CRI-SUR-M3::UAV-4"",""UAV-4::N::UAV-4::S2-CRI-SUR::T-Q1-SINGLE::CRI-SUR-M3::UAV-4->T::UAV-4"",""UAV-4::S::UAV-4->N::UAV-4::S2-CRI-SUR::T-Q1-SINGLE::CRI-SUR-M2::UAV-4"",""UAV-5::N::UAV-5::S2-CRI-SUR::T-Q2-TWO::CRI-SUR-M4+CRI-SUR-M5::UAV-5->T::UAV-5"",""UAV-5::S::UAV-5->N::UAV-5::S2-CRI-SUR::T-Q2-TWO::CRI-SUR-M4+CRI-SUR-M5::UAV-5""]","[""CRI-SUR-M2"",""CRI-SUR-M3"",""CRI-SUR-M4"",""CRI-SUR-M5""]",4
S2-CRI-SUR@32.000,L,11,L_minimize_total_path,minimize,service plus selected transition path,optimal,True,2741.484696269,0,5,,"{""absolute_tolerance"":2.7414846962689102e-05,""value"":2741.4846962689103}","[""S2-CRI-SUR::T-Q1-SINGLE::CRI-SUR-M3::UAV-4"",""S2-CRI-SUR::T-Q2-THREE::CRI-SUR-M2+CRI-SUR-M4+CRI-SUR-M5::UAV-3""]","[""UAV-3::N::UAV-3::S2-CRI-SUR::T-Q2-THREE::CRI-SUR-M2+CRI-SUR-M4+CRI-SUR-M5::UAV-3->T::UAV-3"",""UAV-3::S::UAV-3->N::UAV-3::S2-CRI-SUR::T-Q2-THREE::CRI-SUR-M2+CRI-SUR-M4+CRI-SUR-M5::UAV-3"",""UAV-4::N::UAV-4::S2-CRI-SUR::T-Q1-SINGLE::CRI-SUR-M3::UAV-4->T::UAV-4"",""UAV-4::S::UAV-4->N::UAV-4::S2-CRI-SUR::T-Q1-SINGLE::CRI-SUR-M3::UAV-4""]","[""CRI-SUR-M2"",""CRI-SUR-M3"",""CRI-SUR-M4"",""CRI-SUR-M5""]",4
S2-CRI-SUR@32.000,L,12,L_minimize_turn_at_minimum_path,minimize,service plus transition turn proxy,optimal,True,4.701868099,0,5,,"{""absolute_tolerance"":1e-07,""value"":4.7018680987727235}","[""S2-CRI-SUR::T-Q1-SINGLE::CRI-SUR-M3::UAV-4"",""S2-CRI-SUR::T-Q2-THREE::CRI-SUR-M2+CRI-SUR-M4+CRI-SUR-M5::UAV-3""]","[""UAV-3::N::UAV-3::S2-CRI-SUR::T-Q2-THREE::CRI-SUR-M2+CRI-SUR-M4+CRI-SUR-M5::UAV-3->T::UAV-3"",""UAV-3::S::UAV-3->N::UAV-3::S2-CRI-SUR::T-Q2-THREE::CRI-SUR-M2+CRI-SUR-M4+CRI-SUR-M5::UAV-3"",""UAV-4::N::UAV-4::S2-CRI-SUR::T-Q1-SINGLE::CRI-SUR-M3::UAV-4->T::UAV-4"",""UAV-4::S::UAV-4->N::UAV-4::S2-CRI-SUR::T-Q1-SINGLE::CRI-SUR-M3::UAV-4""]","[""CRI-SUR-M2"",""CRI-SUR-M3"",""CRI-SUR-M4"",""CRI-SUR-M5""]",4
S2-CRI-SUR@32.000,L,13,minimize_flexible_plan_changes,minimize,explicit new-instance count; executed and committed instances are outside the flexible set,optimal,True,2,0,5,,"{""absolute_tolerance"":1e-07,""value"":2.0}","[""S2-CRI-SUR::T-Q1-SINGLE::CRI-SUR-M3::UAV-4"",""S2-CRI-SUR::T-Q2-THREE::CRI-SUR-M2+CRI-SUR-M4+CRI-SUR-M5::UAV-3""]","[""UAV-3::N::UAV-3::S2-CRI-SUR::T-Q2-THREE::CRI-SUR-M2+CRI-SUR-M4+CRI-SUR-M5::UAV-3->T::UAV-3"",""UAV-3::S::UAV-3->N::UAV-3::S2-CRI-SUR::T-Q2-THREE::CRI-SUR-M2+CRI-SUR-M4+CRI-SUR-M5::UAV-3"",""UAV-4::N::UAV-4::S2-CRI-SUR::T-Q1-SINGLE::CRI-SUR-M3::UAV-4->T::UAV-4"",""UAV-4::S::UAV-4->N::UAV-4::S2-CRI-SUR::T-Q1-SINGLE::CRI-SUR-M3::UAV-4""]","[""CRI-SUR-M2"",""CRI-SUR-M3"",""CRI-SUR-M4"",""CRI-SUR-M5""]",4
S2-SHO-OVR@0.000,L,1,maximize_full_defence_level_3,maximize,sum y_m for threat_level=3,optimal,True,2,0,5,,"{""absolute_tolerance"":1e-07,""value"":2.0}","[""S2-SHO-OVR::T-Q1-SINGLE::SHO-OVR-M1::UAV-1"",""S2-SHO-OVR::T-Q1-SINGLE::SHO-OVR-M4::UAV-4""]","[""UAV-1::N::UAV-1::S2-SHO-OVR::T-Q1-SINGLE::SHO-OVR-M1::UAV-1->T::UAV-1"",""UAV-1::S::UAV-1->N::UAV-1::S2-SHO-OVR::T-Q1-SINGLE::SHO-OVR-M1::UAV-1"",""UAV-4::N::UAV-4::S2-SHO-OVR::T-Q1-SINGLE::SHO-OVR-M4::UAV-4->T::UAV-4"",""UAV-4::S::UAV-4->N::UAV-4::S2-SHO-OVR::T-Q1-SINGLE::SHO-OVR-M4::UAV-4""]","[""SHO-OVR-M1"",""SHO-OVR-M4""]",2
S2-SHO-OVR@0.000,L,2,minimize_served_reaction_time_level_3,minimize,sum y_m*(latest_feasible_command_time-current_time),optimal,True,95.5636,0,5,,"{""absolute_tolerance"":9.556360000000002e-07,""value"":95.56360000000001}","[""S2-SHO-OVR::T-Q1-SINGLE::SHO-OVR-M1::UAV-1"",""S2-SHO-OVR::T-Q1-SINGLE::SHO-OVR-M4::UAV-4""]","[""UAV-1::N::UAV-1::S2-SHO-OVR::T-Q1-SINGLE::SHO-OVR-M1::UAV-1->T::UAV-1"",""UAV-1::S::UAV-1->N::UAV-1::S2-SHO-OVR::T-Q1-SINGLE::SHO-OVR-M1::UAV-1"",""UAV-4::N::UAV-4::S2-SHO-OVR::T-Q1-SINGLE::SHO-OVR-M4::UAV-4->T::UAV-4"",""UAV-4::S::UAV-4->N::UAV-4::S2-SHO-OVR::T-Q1-SINGLE::SHO-OVR-M4::UAV-4""]","[""SHO-OVR-M1"",""SHO-OVR-M4""]",2
S2-SHO-OVR@0.000,L,3,maximize_full_defence_level_2,maximize,sum y_m for threat_level=2,optimal,True,2,0,5,,"{""absolute_tolerance"":1e-07,""value"":2.0}","[""S2-SHO-OVR::T-Q2-TWO::SHO-OVR-M1+SHO-OVR-M2+SHO-OVR-M3+SHO-OVR-M4+SHO-OVR-M5+SHO-OVR-M6::UAV-2""]","[""UAV-2::N::UAV-2::S2-SHO-OVR::T-Q2-TWO::SHO-OVR-M1+SHO-OVR-M2+SHO-OVR-M3+SHO-OVR-M4+SHO-OVR-M5+SHO-OVR-M6::UAV-2->T::UAV-2"",""UAV-2::S::UAV-2->N::UAV-2::S2-SHO-OVR::T-Q2-TWO::SHO-OVR-M1+SHO-OVR-M2+SHO-OVR-M3+SHO-OVR-M4+SHO-OVR-M5+SHO-OVR-M6::UAV-2""]","[""SHO-OVR-M1"",""SHO-OVR-M2"",""SHO-OVR-M3"",""SHO-OVR-M4"",""SHO-OVR-M5"",""SHO-OVR-M6""]",2
S2-SHO-OVR@0.000,L,4,minimize_served_reaction_time_level_2,minimize,sum y_m*(latest_feasible_command_time-current_time),optimal,True,98.5636,0,5,,"{""absolute_tolerance"":9.85636e-07,""value"":98.56360000000001}","[""S2-SHO-OVR::T-Q2-TWO::SHO-OVR-M1+SHO-OVR-M2+SHO-OVR-M3+SHO-OVR-M4+SHO-OVR-M5+SHO-OVR-M6::UAV-2""]","[""UAV-2::N::UAV-2::S2-SHO-OVR::T-Q2-TWO::SHO-OVR-M1+SHO-OVR-M2+SHO-OVR-M3+SHO-OVR-M4+SHO-OVR-M5+SHO-OVR-M6::UAV-2->T::UAV-2"",""UAV-2::S::UAV-2->N::UAV-2::S2-SHO-OVR::T-Q2-TWO::SHO-OVR-M1+SHO-OVR-M2+SHO-OVR-M3+SHO-OVR-M4+SHO-OVR-M5+SHO-OVR-M6::UAV-2""]","[""SHO-OVR-M1"",""SHO-OVR-M2"",""SHO-OVR-M3"",""SHO-OVR-M4"",""SHO-OVR-M5"",""SHO-OVR-M6""]",2
S2-SHO-OVR@0.000,L,5,maximize_full_defence_level_1,maximize,sum y_m for threat_level=1,optimal,True,2,0,5,,"{""absolute_tolerance"":1e-07,""value"":2.0}","[""S2-SHO-OVR::T-Q2-TWO::SHO-OVR-M1+SHO-OVR-M2+SHO-OVR-M3+SHO-OVR-M4+SHO-OVR-M5+SHO-OVR-M6::UAV-2""]","[""UAV-2::N::UAV-2::S2-SHO-OVR::T-Q2-TWO::SHO-OVR-M1+SHO-OVR-M2+SHO-OVR-M3+SHO-OVR-M4+SHO-OVR-M5+SHO-OVR-M6::UAV-2->T::UAV-2"",""UAV-2::S::UAV-2->N::UAV-2::S2-SHO-OVR::T-Q2-TWO::SHO-OVR-M1+SHO-OVR-M2+SHO-OVR-M3+SHO-OVR-M4+SHO-OVR-M5+SHO-OVR-M6::UAV-2""]","[""SHO-OVR-M1"",""SHO-OVR-M2"",""SHO-OVR-M3"",""SHO-OVR-M4"",""SHO-OVR-M5"",""SHO-OVR-M6""]",2
S2-SHO-OVR@0.000,L,6,minimize_served_reaction_time_level_1,minimize,sum y_m*(latest_feasible_command_time-current_time),optimal,True,100.0636,0,5,,"{""absolute_tolerance"":1.0006360000000001e-06,""value"":100.06360000000001}","[""S2-SHO-OVR::T-Q2-TWO::SHO-OVR-M1+SHO-OVR-M2+SHO-OVR-M3+SHO-OVR-M4+SHO-OVR-M5+SHO-OVR-M6::UAV-2""]","[""UAV-2::N::UAV-2::S2-SHO-OVR::T-Q2-TWO::SHO-OVR-M1+SHO-OVR-M2+SHO-OVR-M3+SHO-OVR-M4+SHO-OVR-M5+SHO-OVR-M6::UAV-2->T::UAV-2"",""UAV-2::S::UAV-2->N::UAV-2::S2-SHO-OVR::T-Q2-TWO::SHO-OVR-M1+SHO-OVR-M2+SHO-OVR-M3+SHO-OVR-M4+SHO-OVR-M5+SHO-OVR-M6::UAV-2""]","[""SHO-OVR-M1"",""SHO-OVR-M2"",""SHO-OVR-M3"",""SHO-OVR-M4"",""SHO-OVR-M5"",""SHO-OVR-M6""]",2
S2-SHO-OVR@0.000,L,7,minimize_unserved_remaining_window_level_3,maximize,served-duration equivalent of lexicographic unserved-window minimization,optimal,True,16,0,5,,"{""absolute_tolerance"":1.6e-07,""value"":16.0}","[""S2-SHO-OVR::T-Q2-TWO::SHO-OVR-M1+SHO-OVR-M2+SHO-OVR-M3+SHO-OVR-M4+SHO-OVR-M5+SHO-OVR-M6::UAV-2""]","[""UAV-2::N::UAV-2::S2-SHO-OVR::T-Q2-TWO::SHO-OVR-M1+SHO-OVR-M2+SHO-OVR-M3+SHO-OVR-M4+SHO-OVR-M5+SHO-OVR-M6::UAV-2->T::UAV-2"",""UAV-2::S::UAV-2->N::UAV-2::S2-SHO-OVR::T-Q2-TWO::SHO-OVR-M1+SHO-OVR-M2+SHO-OVR-M3+SHO-OVR-M4+SHO-OVR-M5+SHO-OVR-M6::UAV-2""]","[""SHO-OVR-M1"",""SHO-OVR-M2"",""SHO-OVR-M3"",""SHO-OVR-M4"",""SHO-OVR-M5"",""SHO-OVR-M6""]",2
S2-SHO-OVR@0.000,L,8,minimize_unserved_remaining_window_level_2,maximize,served-duration equivalent of lexicographic unserved-window minimization,optimal,True,16,0,5,,"{""absolute_tolerance"":1.6e-07,""value"":16.0}","[""S2-SHO-OVR::T-Q2-TWO::SHO-OVR-M1+SHO-OVR-M2+SHO-OVR-M3+SHO-OVR-M4+SHO-OVR-M5+SHO-OVR-M6::UAV-2""]","[""UAV-2::N::UAV-2::S2-SHO-OVR::T-Q2-TWO::SHO-OVR-M1+SHO-OVR-M2+SHO-OVR-M3+SHO-OVR-M4+SHO-OVR-M5+SHO-OVR-M6::UAV-2->T::UAV-2"",""UAV-2::S::UAV-2->N::UAV-2::S2-SHO-OVR::T-Q2-TWO::SHO-OVR-M1+SHO-OVR-M2+SHO-OVR-M3+SHO-OVR-M4+SHO-OVR-M5+SHO-OVR-M6::UAV-2""]","[""SHO-OVR-M1"",""SHO-OVR-M2"",""SHO-OVR-M3"",""SHO-OVR-M4"",""SHO-OVR-M5"",""SHO-OVR-M6""]",2
S2-SHO-OVR@0.000,L,9,minimize_unserved_remaining_window_level_1,maximize,served-duration equivalent of lexicographic unserved-window minimization,optimal,True,16,0,5,,"{""absolute_tolerance"":1.6e-07,""value"":16.0}","[""S2-SHO-OVR::T-Q2-TWO::SHO-OVR-M1+SHO-OVR-M2+SHO-OVR-M3+SHO-OVR-M4+SHO-OVR-M5+SHO-OVR-M6::UAV-2""]","[""UAV-2::N::UAV-2::S2-SHO-OVR::T-Q2-TWO::SHO-OVR-M1+SHO-OVR-M2+SHO-OVR-M3+SHO-OVR-M4+SHO-OVR-M5+SHO-OVR-M6::UAV-2->T::UAV-2"",""UAV-2::S::UAV-2->N::UAV-2::S2-SHO-OVR::T-Q2-TWO::SHO-OVR-M1+SHO-OVR-M2+SHO-OVR-M3+SHO-OVR-M4+SHO-OVR-M5+SHO-OVR-M6::UAV-2""]","[""SHO-OVR-M1"",""SHO-OVR-M2"",""SHO-OVR-M3"",""SHO-OVR-M4"",""SHO-OVR-M5"",""SHO-OVR-M6""]",2
S2-SHO-OVR@0.000,L,10,minimize_bombs_used_and_reserved,minimize,sum candidate total bombs,optimal,True,2,0,5,,"{""absolute_tolerance"":1e-07,""value"":2.0}","[""S2-SHO-OVR::T-Q2-TWO::SHO-OVR-M1+SHO-OVR-M2+SHO-OVR-M3+SHO-OVR-M4+SHO-OVR-M5+SHO-OVR-M6::UAV-2""]","[""UAV-2::N::UAV-2::S2-SHO-OVR::T-Q2-TWO::SHO-OVR-M1+SHO-OVR-M2+SHO-OVR-M3+SHO-OVR-M4+SHO-OVR-M5+SHO-OVR-M6::UAV-2->T::UAV-2"",""UAV-2::S::UAV-2->N::UAV-2::S2-SHO-OVR::T-Q2-TWO::SHO-OVR-M1+SHO-OVR-M2+SHO-OVR-M3+SHO-OVR-M4+SHO-OVR-M5+SHO-OVR-M6::UAV-2""]","[""SHO-OVR-M1"",""SHO-OVR-M2"",""SHO-OVR-M3"",""SHO-OVR-M4"",""SHO-OVR-M5"",""SHO-OVR-M6""]",2
S2-SHO-OVR@0.000,L,11,L_minimize_total_path,minimize,service plus selected transition path,optimal,True,1228.727441181,0,5,,"{""absolute_tolerance"":1.228727441181401e-05,""value"":1228.727441181401}","[""S2-SHO-OVR::T-Q2-TWO::SHO-OVR-M1+SHO-OVR-M2+SHO-OVR-M3+SHO-OVR-M4+SHO-OVR-M5+SHO-OVR-M6::UAV-2""]","[""UAV-2::N::UAV-2::S2-SHO-OVR::T-Q2-TWO::SHO-OVR-M1+SHO-OVR-M2+SHO-OVR-M3+SHO-OVR-M4+SHO-OVR-M5+SHO-OVR-M6::UAV-2->T::UAV-2"",""UAV-2::S::UAV-2->N::UAV-2::S2-SHO-OVR::T-Q2-TWO::SHO-OVR-M1+SHO-OVR-M2+SHO-OVR-M3+SHO-OVR-M4+SHO-OVR-M5+SHO-OVR-M6::UAV-2""]","[""SHO-OVR-M1"",""SHO-OVR-M2"",""SHO-OVR-M3"",""SHO-OVR-M4"",""SHO-OVR-M5"",""SHO-OVR-M6""]",2
S2-SHO-OVR@0.000,L,12,L_minimize_turn_at_minimum_path,minimize,service plus transition turn proxy,optimal,True,2.712123025,0,5,,"{""absolute_tolerance"":1e-07,""value"":2.712123025060966}","[""S2-SHO-OVR::T-Q2-TWO::SHO-OVR-M1+SHO-OVR-M2+SHO-OVR-M3+SHO-OVR-M4+SHO-OVR-M5+SHO-OVR-M6::UAV-2""]","[""UAV-2::N::UAV-2::S2-SHO-OVR::T-Q2-TWO::SHO-OVR-M1+SHO-OVR-M2+SHO-OVR-M3+SHO-OVR-M4+SHO-OVR-M5+SHO-OVR-M6::UAV-2->T::UAV-2"",""UAV-2::S::UAV-2->N::UAV-2::S2-SHO-OVR::T-Q2-TWO::SHO-OVR-M1+SHO-OVR-M2+SHO-OVR-M3+SHO-OVR-M4+SHO-OVR-M5+SHO-OVR-M6::UAV-2""]","[""SHO-OVR-M1"",""SHO-OVR-M2"",""SHO-OVR-M3"",""SHO-OVR-M4"",""SHO-OVR-M5"",""SHO-OVR-M6""]",2
S2-SHO-OVR@0.000,L,13,minimize_flexible_plan_changes,minimize,explicit new-instance count; executed and committed instances are outside the flexible set,optimal,True,1,0,5,,"{""absolute_tolerance"":1e-07,""value"":1.0}","[""S2-SHO-OVR::T-Q2-TWO::SHO-OVR-M1+SHO-OVR-M2+SHO-OVR-M3+SHO-OVR-M4+SHO-OVR-M5+SHO-OVR-M6::UAV-2""]","[""UAV-2::N::UAV-2::S2-SHO-OVR::T-Q2-TWO::SHO-OVR-M1+SHO-OVR-M2+SHO-OVR-M3+SHO-OVR-M4+SHO-OVR-M5+SHO-OVR-M6::UAV-2->T::UAV-2"",""UAV-2::S::UAV-2->N::UAV-2::S2-SHO-OVR::T-Q2-TWO::SHO-OVR-M1+SHO-OVR-M2+SHO-OVR-M3+SHO-OVR-M4+SHO-OVR-M5+SHO-OVR-M6::UAV-2""]","[""SHO-OVR-M1"",""SHO-OVR-M2"",""SHO-OVR-M3"",""SHO-OVR-M4"",""SHO-OVR-M5"",""SHO-OVR-M6""]",2
S2-SHO-SEQ@0.000,L,1,maximize_full_defence_level_3,maximize,sum y_m for threat_level=3,optimal,True,2,0,5,,"{""absolute_tolerance"":1e-07,""value"":2.0}","[""S2-SHO-SEQ::T-Q1-SINGLE::SHO-SEQ-M1::UAV-1"",""S2-SHO-SEQ::T-Q1-SINGLE::SHO-SEQ-M4::UAV-1""]","[""UAV-1::N::UAV-1::S2-SHO-SEQ::T-Q1-SINGLE::SHO-SEQ-M1::UAV-1->N::UAV-1::S2-SHO-SEQ::T-Q1-SINGLE::SHO-SEQ-M4::UAV-1"",""UAV-1::N::UAV-1::S2-SHO-SEQ::T-Q1-SINGLE::SHO-SEQ-M4::UAV-1->T::UAV-1"",""UAV-1::S::UAV-1->N::UAV-1::S2-SHO-SEQ::T-Q1-SINGLE::SHO-SEQ-M1::UAV-1""]","[""SHO-SEQ-M1"",""SHO-SEQ-M4""]",2
S2-SHO-SEQ@0.000,L,2,minimize_served_reaction_time_level_3,minimize,sum y_m*(latest_feasible_command_time-current_time),optimal,True,138.0636,0,5,,"{""absolute_tolerance"":1.3806360000000001e-06,""value"":138.0636}","[""S2-SHO-SEQ::T-Q1-SINGLE::SHO-SEQ-M1::UAV-4"",""S2-SHO-SEQ::T-Q2-TWO::SHO-SEQ-M4::UAV-2""]","[""UAV-2::N::UAV-2::S2-SHO-SEQ::T-Q2-TWO::SHO-SEQ-M4::UAV-2->T::UAV-2"",""UAV-2::S::UAV-2->N::UAV-2::S2-SHO-SEQ::T-Q2-TWO::SHO-SEQ-M4::UAV-2"",""UAV-4::N::UAV-4::S2-SHO-SEQ::T-Q1-SINGLE::SHO-SEQ-M1::UAV-4->T::UAV-4"",""UAV-4::S::UAV-4->N::UAV-4::S2-SHO-SEQ::T-Q1-SINGLE::SHO-SEQ-M1::UAV-4""]","[""SHO-SEQ-M1"",""SHO-SEQ-M4""]",3
S2-SHO-SEQ@0.000,L,3,maximize_full_defence_level_2,maximize,sum y_m for threat_level=2,optimal,True,2,0,5,,"{""absolute_tolerance"":1e-07,""value"":2.0}","[""S2-SHO-SEQ::T-Q1-SINGLE::SHO-SEQ-M2::UAV-1"",""S2-SHO-SEQ::T-Q1-SINGLE::SHO-SEQ-M4::UAV-1"",""S2-SHO-SEQ::T-Q1-SINGLE::SHO-SEQ-M5::UAV-4"",""S2-SHO-SEQ::T-Q2-TWO::SHO-SEQ-M1::UAV-2""]","[""UAV-1::N::UAV-1::S2-SHO-SEQ::T-Q1-SINGLE::SHO-SEQ-M2::UAV-1->N::UAV-1::S2-SHO-SEQ::T-Q1-SINGLE::SHO-SEQ-M4::UAV-1"",""UAV-1::N::UAV-1::S2-SHO-SEQ::T-Q1-SINGLE::SHO-SEQ-M4::UAV-1->T::UAV-1"",""UAV-1::S::UAV-1->N::UAV-1::S2-SHO-SEQ::T-Q1-SINGLE::SHO-SEQ-M2::UAV-1"",""UAV-2::N::UAV-2::S2-SHO-SEQ::T-Q2-TWO::SHO-SEQ-M1::UAV-2->T::UAV-2"",""UAV-2::S::UAV-2->N::UAV-2::S2-SHO-SEQ::T-Q2-TWO::SHO-SEQ-M1::UAV-2"",""UAV-4::N::UAV-4::S2-SHO-SEQ::T-Q1-SINGLE::SHO-SEQ-M5::UAV-4->T::UAV-4"",""UAV-4::S::UAV-4->N::UAV-4::S2-SHO-SEQ::T-Q1-SINGLE::SHO-SEQ-M5::UAV-4""]","[""SHO-SEQ-M1"",""SHO-SEQ-M2"",""SHO-SEQ-M4"",""SHO-SEQ-M5""]",5
S2-SHO-SEQ@0.000,L,4,minimize_served_reaction_time_level_2,minimize,sum y_m*(latest_feasible_command_time-current_time),optimal,True,182.0636,0,5,,"{""absolute_tolerance"":1.8206360000000001e-06,""value"":182.0636}","[""S2-SHO-SEQ::T-Q1-SINGLE::SHO-SEQ-M1::UAV-4"",""S2-SHO-SEQ::T-Q1-SINGLE::SHO-SEQ-M2::UAV-1"",""S2-SHO-SEQ::T-Q1-SINGLE::SHO-SEQ-M4::UAV-1"",""S2-SHO-SEQ::T-Q2-TWO::SHO-SEQ-M5::UAV-2""]","[""UAV-1::N::UAV-1::S2-SHO-SEQ::T-Q1-SINGLE::SHO-SEQ-M2::UAV-1->N::UAV-1::S2-SHO-SEQ::T-Q1-SINGLE::SHO-SEQ-M4::UAV-1"",""UAV-1::N::UAV-1::S2-SHO-SEQ::T-Q1-SINGLE::SHO-SEQ-M4::UAV-1->T::UAV-1"",""UAV-1::S::UAV-1->N::UAV-1::S2-SHO-SEQ::T-Q1-SINGLE::SHO-SEQ-M2::UAV-1"",""UAV-2::N::UAV-2::S2-SHO-SEQ::T-Q2-TWO::SHO-SEQ-M5::UAV-2->T::UAV-2"",""UAV-2::S::UAV-2->N::UAV-2::S2-SHO-SEQ::T-Q2-TWO::SHO-SEQ-M5::UAV-2"",""UAV-4::N::UAV-4::S2-SHO-SEQ::T-Q1-SINGLE::SHO-SEQ-M1::UAV-4->T::UAV-4"",""UAV-4::S::UAV-4->N::UAV-4::S2-SHO-SEQ::T-Q1-SINGLE::SHO-SEQ-M1::UAV-4""]","[""SHO-SEQ-M1"",""SHO-SEQ-M2"",""SHO-SEQ-M4"",""SHO-SEQ-M5""]",5
S2-SHO-SEQ@0.000,L,5,maximize_full_defence_level_1,maximize,sum y_m for threat_level=1,optimal,True,0,0,5,,"{""absolute_tolerance"":1e-07,""value"":0.0}","[""S2-SHO-SEQ::T-Q1-SINGLE::SHO-SEQ-M1::UAV-4"",""S2-SHO-SEQ::T-Q1-SINGLE::SHO-SEQ-M2::UAV-1"",""S2-SHO-SEQ::T-Q1-SINGLE::SHO-SEQ-M4::UAV-1"",""S2-SHO-SEQ::T-Q2-TWO::SHO-SEQ-M5::UAV-2""]","[""UAV-1::N::UAV-1::S2-SHO-SEQ::T-Q1-SINGLE::SHO-SEQ-M2::UAV-1->N::UAV-1::S2-SHO-SEQ::T-Q1-SINGLE::SHO-SEQ-M4::UAV-1"",""UAV-1::N::UAV-1::S2-SHO-SEQ::T-Q1-SINGLE::SHO-SEQ-M4::UAV-1->T::UAV-1"",""UAV-1::S::UAV-1->N::UAV-1::S2-SHO-SEQ::T-Q1-SINGLE::SHO-SEQ-M2::UAV-1"",""UAV-2::N::UAV-2::S2-SHO-SEQ::T-Q2-TWO::SHO-SEQ-M5::UAV-2->T::UAV-2"",""UAV-2::S::UAV-2->N::UAV-2::S2-SHO-SEQ::T-Q2-TWO::SHO-SEQ-M5::UAV-2"",""UAV-4::N::UAV-4::S2-SHO-SEQ::T-Q1-SINGLE::SHO-SEQ-M1::UAV-4->T::UAV-4"",""UAV-4::S::UAV-4->N::UAV-4::S2-SHO-SEQ::T-Q1-SINGLE::SHO-SEQ-M1::UAV-4""]","[""SHO-SEQ-M1"",""SHO-SEQ-M2"",""SHO-SEQ-M4"",""SHO-SEQ-M5""]",5
S2-SHO-SEQ@0.000,L,6,minimize_served_reaction_time_level_1,minimize,sum y_m*(latest_feasible_command_time-current_time),optimal,True,0,0,5,,"{""absolute_tolerance"":1e-07,""value"":0.0}","[""S2-SHO-SEQ::T-Q1-SINGLE::SHO-SEQ-M1::UAV-4"",""S2-SHO-SEQ::T-Q1-SINGLE::SHO-SEQ-M2::UAV-1"",""S2-SHO-SEQ::T-Q1-SINGLE::SHO-SEQ-M4::UAV-1"",""S2-SHO-SEQ::T-Q2-TWO::SHO-SEQ-M5::UAV-2""]","[""UAV-1::N::UAV-1::S2-SHO-SEQ::T-Q1-SINGLE::SHO-SEQ-M2::UAV-1->N::UAV-1::S2-SHO-SEQ::T-Q1-SINGLE::SHO-SEQ-M4::UAV-1"",""UAV-1::N::UAV-1::S2-SHO-SEQ::T-Q1-SINGLE::SHO-SEQ-M4::UAV-1->T::UAV-1"",""UAV-1::S::UAV-1->N::UAV-1::S2-SHO-SEQ::T-Q1-SINGLE::SHO-SEQ-M2::UAV-1"",""UAV-2::N::UAV-2::S2-SHO-SEQ::T-Q2-TWO::SHO-SEQ-M5::UAV-2->T::UAV-2"",""UAV-2::S::UAV-2->N::UAV-2::S2-SHO-SEQ::T-Q2-TWO::SHO-SEQ-M5::UAV-2"",""UAV-4::N::UAV-4::S2-SHO-SEQ::T-Q1-SINGLE::SHO-SEQ-M1::UAV-4->T::UAV-4"",""UAV-4::S::UAV-4->N::UAV-4::S2-SHO-SEQ::T-Q1-SINGLE::SHO-SEQ-M1::UAV-4""]","[""SHO-SEQ-M1"",""SHO-SEQ-M2"",""SHO-SEQ-M4"",""SHO-SEQ-M5""]",5
S2-SHO-SEQ@0.000,L,7,minimize_unserved_remaining_window_level_3,maximize,served-duration equivalent of lexicographic unserved-window minimization,optimal,True,16,0,5,,"{""absolute_tolerance"":1.6e-07,""value"":16.0}","[""S2-SHO-SEQ::T-Q1-SINGLE::SHO-SEQ-M1::UAV-4"",""S2-SHO-SEQ::T-Q1-SINGLE::SHO-SEQ-M2::UAV-1"",""S2-SHO-SEQ::T-Q1-SINGLE::SHO-SEQ-M4::UAV-1"",""S2-SHO-SEQ::T-Q2-TWO::SHO-SEQ-M5::UAV-2""]","[""UAV-1::N::UAV-1::S2-SHO-SEQ::T-Q1-SINGLE::SHO-SEQ-M2::UAV-1->N::UAV-1::S2-SHO-SEQ::T-Q1-SINGLE::SHO-SEQ-M4::UAV-1"",""UAV-1::N::UAV-1::S2-SHO-SEQ::T-Q1-SINGLE::SHO-SEQ-M4::UAV-1->T::UAV-1"",""UAV-1::S::UAV-1->N::UAV-1::S2-SHO-SEQ::T-Q1-SINGLE::SHO-SEQ-M2::UAV-1"",""UAV-2::N::UAV-2::S2-SHO-SEQ::T-Q2-TWO::SHO-SEQ-M5::UAV-2->T::UAV-2"",""UAV-2::S::UAV-2->N::UAV-2::S2-SHO-SEQ::T-Q2-TWO::SHO-SEQ-M5::UAV-2"",""UAV-4::N::UAV-4::S2-SHO-SEQ::T-Q1-SINGLE::SHO-SEQ-M1::UAV-4->T::UAV-4"",""UAV-4::S::UAV-4->N::UAV-4::S2-SHO-SEQ::T-Q1-SINGLE::SHO-SEQ-M1::UAV-4""]","[""SHO-SEQ-M1"",""SHO-SEQ-M2"",""SHO-SEQ-M4"",""SHO-SEQ-M5""]",5
S2-SHO-SEQ@0.000,L,8,minimize_unserved_remaining_window_level_2,maximize,served-duration equivalent of lexicographic unserved-window minimization,optimal,True,16,0,5,,"{""absolute_tolerance"":1.6e-07,""value"":16.0}","[""S2-SHO-SEQ::T-Q1-SINGLE::SHO-SEQ-M1::UAV-4"",""S2-SHO-SEQ::T-Q1-SINGLE::SHO-SEQ-M2::UAV-1"",""S2-SHO-SEQ::T-Q1-SINGLE::SHO-SEQ-M4::UAV-1"",""S2-SHO-SEQ::T-Q2-TWO::SHO-SEQ-M5::UAV-2""]","[""UAV-1::N::UAV-1::S2-SHO-SEQ::T-Q1-SINGLE::SHO-SEQ-M2::UAV-1->N::UAV-1::S2-SHO-SEQ::T-Q1-SINGLE::SHO-SEQ-M4::UAV-1"",""UAV-1::N::UAV-1::S2-SHO-SEQ::T-Q1-SINGLE::SHO-SEQ-M4::UAV-1->T::UAV-1"",""UAV-1::S::UAV-1->N::UAV-1::S2-SHO-SEQ::T-Q1-SINGLE::SHO-SEQ-M2::UAV-1"",""UAV-2::N::UAV-2::S2-SHO-SEQ::T-Q2-TWO::SHO-SEQ-M5::UAV-2->T::UAV-2"",""UAV-2::S::UAV-2->N::UAV-2::S2-SHO-SEQ::T-Q2-TWO::SHO-SEQ-M5::UAV-2"",""UAV-4::N::UAV-4::S2-SHO-SEQ::T-Q1-SINGLE::SHO-SEQ-M1::UAV-4->T::UAV-4"",""UAV-4::S::UAV-4->N::UAV-4::S2-SHO-SEQ::T-Q1-SINGLE::SHO-SEQ-M1::UAV-4""]","[""SHO-SEQ-M1"",""SHO-SEQ-M2"",""SHO-SEQ-M4"",""SHO-SEQ-M5""]",5
S2-SHO-SEQ@0.000,L,9,minimize_unserved_remaining_window_level_1,maximize,served-duration equivalent of lexicographic unserved-window minimization,optimal,True,0,0,5,,"{""absolute_tolerance"":1e-07,""value"":0.0}","[""S2-SHO-SEQ::T-Q1-SINGLE::SHO-SEQ-M1::UAV-4"",""S2-SHO-SEQ::T-Q1-SINGLE::SHO-SEQ-M2::UAV-1"",""S2-SHO-SEQ::T-Q1-SINGLE::SHO-SEQ-M4::UAV-1"",""S2-SHO-SEQ::T-Q2-TWO::SHO-SEQ-M5::UAV-2""]","[""UAV-1::N::UAV-1::S2-SHO-SEQ::T-Q1-SINGLE::SHO-SEQ-M2::UAV-1->N::UAV-1::S2-SHO-SEQ::T-Q1-SINGLE::SHO-SEQ-M4::UAV-1"",""UAV-1::N::UAV-1::S2-SHO-SEQ::T-Q1-SINGLE::SHO-SEQ-M4::UAV-1->T::UAV-1"",""UAV-1::S::UAV-1->N::UAV-1::S2-SHO-SEQ::T-Q1-SINGLE::SHO-SEQ-M2::UAV-1"",""UAV-2::N::UAV-2::S2-SHO-SEQ::T-Q2-TWO::SHO-SEQ-M5::UAV-2->T::UAV-2"",""UAV-2::S::UAV-2->N::UAV-2::S2-SHO-SEQ::T-Q2-TWO::SHO-SEQ-M5::UAV-2"",""UAV-4::N::UAV-4::S2-SHO-SEQ::T-Q1-SINGLE::SHO-SEQ-M1::UAV-4->T::UAV-4"",""UAV-4::S::UAV-4->N::UAV-4::S2-SHO-SEQ::T-Q1-SINGLE::SHO-SEQ-M1::UAV-4""]","[""SHO-SEQ-M1"",""SHO-SEQ-M2"",""SHO-SEQ-M4"",""SHO-SEQ-M5""]",5
S2-SHO-SEQ@0.000,L,10,minimize_bombs_used_and_reserved,minimize,sum candidate total bombs,optimal,True,5,0,5,,"{""absolute_tolerance"":1e-07,""value"":5.0}","[""S2-SHO-SEQ::T-Q1-SINGLE::SHO-SEQ-M1::UAV-4"",""S2-SHO-SEQ::T-Q1-SINGLE::SHO-SEQ-M2::UAV-1"",""S2-SHO-SEQ::T-Q1-SINGLE::SHO-SEQ-M4::UAV-1"",""S2-SHO-SEQ::T-Q2-TWO::SHO-SEQ-M5::UAV-2""]","[""UAV-1::N::UAV-1::S2-SHO-SEQ::T-Q1-SINGLE::SHO-SEQ-M2::UAV-1->N::UAV-1::S2-SHO-SEQ::T-Q1-SINGLE::SHO-SEQ-M4::UAV-1"",""UAV-1::N::UAV-1::S2-SHO-SEQ::T-Q1-SINGLE::SHO-SEQ-M4::UAV-1->T::UAV-1"",""UAV-1::S::UAV-1->N::UAV-1::S2-SHO-SEQ::T-Q1-SINGLE::SHO-SEQ-M2::UAV-1"",""UAV-2::N::UAV-2::S2-SHO-SEQ::T-Q2-TWO::SHO-SEQ-M5::UAV-2->T::UAV-2"",""UAV-2::S::UAV-2->N::UAV-2::S2-SHO-SEQ::T-Q2-TWO::SHO-SEQ-M5::UAV-2"",""UAV-4::N::UAV-4::S2-SHO-SEQ::T-Q1-SINGLE::SHO-SEQ-M1::UAV-4->T::UAV-4"",""UAV-4::S::UAV-4->N::UAV-4::S2-SHO-SEQ::T-Q1-SINGLE::SHO-SEQ-M1::UAV-4""]","[""SHO-SEQ-M1"",""SHO-SEQ-M2"",""SHO-SEQ-M4"",""SHO-SEQ-M5""]",5
S2-SHO-SEQ@0.000,L,11,L_minimize_total_path,minimize,service plus selected transition path,optimal,True,4135.775486425,0,5,,"{""absolute_tolerance"":4.1357754864251473e-05,""value"":4135.775486425147}","[""S2-SHO-SEQ::T-Q1-SINGLE::SHO-SEQ-M2::UAV-1"",""S2-SHO-SEQ::T-Q1-SINGLE::SHO-SEQ-M4::UAV-1"",""S2-SHO-SEQ::T-Q1-SINGLE::SHO-SEQ-M5::UAV-4"",""S2-SHO-SEQ::T-Q2-TWO::SHO-SEQ-M1::UAV-2""]","[""UAV-1::N::UAV-1::S2-SHO-SEQ::T-Q1-SINGLE::SHO-SEQ-M2::UAV-1->N::UAV-1::S2-SHO-SEQ::T-Q1-SINGLE::SHO-SEQ-M4::UAV-1"",""UAV-1::N::UAV-1::S2-SHO-SEQ::T-Q1-SINGLE::SHO-SEQ-M4::UAV-1->T::UAV-1"",""UAV-1::S::UAV-1->N::UAV-1::S2-SHO-SEQ::T-Q1-SINGLE::SHO-SEQ-M2::UAV-1"",""UAV-2::N::UAV-2::S2-SHO-SEQ::T-Q2-TWO::SHO-SEQ-M1::UAV-2->T::UAV-2"",""UAV-2::S::UAV-2->N::UAV-2::S2-SHO-SEQ::T-Q2-TWO::SHO-SEQ-M1::UAV-2"",""UAV-4::N::UAV-4::S2-SHO-SEQ::T-Q1-SINGLE::SHO-SEQ-M5::UAV-4->T::UAV-4"",""UAV-4::S::UAV-4->N::UAV-4::S2-SHO-SEQ::T-Q1-SINGLE::SHO-SEQ-M5::UAV-4""]","[""SHO-SEQ-M1"",""SHO-SEQ-M2"",""SHO-SEQ-M4"",""SHO-SEQ-M5""]",5
S2-SHO-SEQ@0.000,L,12,L_minimize_turn_at_minimum_path,minimize,service plus transition turn proxy,optimal,True,10.052399523,0,5,,"{""absolute_tolerance"":1.0052399522863538e-07,""value"":10.052399522863539}","[""S2-SHO-SEQ::T-Q1-SINGLE::SHO-SEQ-M2::UAV-1"",""S2-SHO-SEQ::T-Q1-SINGLE::SHO-SEQ-M4::UAV-1"",""S2-SHO-SEQ::T-Q1-SINGLE::SHO-SEQ-M5::UAV-4"",""S2-SHO-SEQ::T-Q2-TWO::SHO-SEQ-M1::UAV-2""]","[""UAV-1::N::UAV-1::S2-SHO-SEQ::T-Q1-SINGLE::SHO-SEQ-M2::UAV-1->N::UAV-1::S2-SHO-SEQ::T-Q1-SINGLE::SHO-SEQ-M4::UAV-1"",""UAV-1::N::UAV-1::S2-SHO-SEQ::T-Q1-SINGLE::SHO-SEQ-M4::UAV-1->T::UAV-1"",""UAV-1::S::UAV-1->N::UAV-1::S2-SHO-SEQ::T-Q1-SINGLE::SHO-SEQ-M2::UAV-1"",""UAV-2::N::UAV-2::S2-SHO-SEQ::T-Q2-TWO::SHO-SEQ-M1::UAV-2->T::UAV-2"",""UAV-2::S::UAV-2->N::UAV-2::S2-SHO-SEQ::T-Q2-TWO::SHO-SEQ-M1::UAV-2"",""UAV-4::N::UAV-4::S2-SHO-SEQ::T-Q1-SINGLE::SHO-SEQ-M5::UAV-4->T::UAV-4"",""UAV-4::S::UAV-4->N::UAV-4::S2-SHO-SEQ::T-Q1-SINGLE::SHO-SEQ-M5::UAV-4""]","[""SHO-SEQ-M1"",""SHO-SEQ-M2"",""SHO-SEQ-M4"",""SHO-SEQ-M5""]",5
S2-SHO-SEQ@0.000,L,13,minimize_flexible_plan_changes,minimize,explicit new-instance count; executed and committed instances are outside the flexible set,optimal,True,4,0,5,,"{""absolute_tolerance"":1e-07,""value"":4.0}","[""S2-SHO-SEQ::T-Q1-SINGLE::SHO-SEQ-M2::UAV-1"",""S2-SHO-SEQ::T-Q1-SINGLE::SHO-SEQ-M4::UAV-1"",""S2-SHO-SEQ::T-Q1-SINGLE::SHO-SEQ-M5::UAV-4"",""S2-SHO-SEQ::T-Q2-TWO::SHO-SEQ-M1::UAV-2""]","[""UAV-1::N::UAV-1::S2-SHO-SEQ::T-Q1-SINGLE::SHO-SEQ-M2::UAV-1->N::UAV-1::S2-SHO-SEQ::T-Q1-SINGLE::SHO-SEQ-M4::UAV-1"",""UAV-1::N::UAV-1::S2-SHO-SEQ::T-Q1-SINGLE::SHO-SEQ-M4::UAV-1->T::UAV-1"",""UAV-1::S::UAV-1->N::UAV-1::S2-SHO-SEQ::T-Q1-SINGLE::SHO-SEQ-M2::UAV-1"",""UAV-2::N::UAV-2::S2-SHO-SEQ::T-Q2-TWO::SHO-SEQ-M1::UAV-2->T::UAV-2"",""UAV-2::S::UAV-2->N::UAV-2::S2-SHO-SEQ::T-Q2-TWO::SHO-SEQ-M1::UAV-2"",""UAV-4::N::UAV-4::S2-SHO-SEQ::T-Q1-SINGLE::SHO-SEQ-M5::UAV-4->T::UAV-4"",""UAV-4::S::UAV-4->N::UAV-4::S2-SHO-SEQ::T-Q1-SINGLE::SHO-SEQ-M5::UAV-4""]","[""SHO-SEQ-M1"",""SHO-SEQ-M2"",""SHO-SEQ-M4"",""SHO-SEQ-M5""]",5
S2-SHO-SUR@32.000,L,1,maximize_full_defence_level_3,maximize,sum y_m for threat_level=3,optimal,True,2,0,5,,"{""absolute_tolerance"":1e-07,""value"":2.0}","[""S2-SHO-SUR::T-Q2-TWO::SHO-SUR-M4+SHO-SUR-M5+SHO-SUR-M6::UAV-2""]","[""UAV-2::N::UAV-2::S2-SHO-SUR::T-Q2-TWO::SHO-SUR-M4+SHO-SUR-M5+SHO-SUR-M6::UAV-2->T::UAV-2"",""UAV-2::S::UAV-2->N::UAV-2::S2-SHO-SUR::T-Q2-TWO::SHO-SUR-M4+SHO-SUR-M5+SHO-SUR-M6::UAV-2""]","[""SHO-SUR-M4"",""SHO-SUR-M5"",""SHO-SUR-M6""]",2
S2-SHO-SUR@32.000,L,2,minimize_served_reaction_time_level_3,minimize,sum y_m*(latest_feasible_command_time-current_time),optimal,True,32.155366,0,5,,"{""absolute_tolerance"":3.2155366e-07,""value"":32.155366}","[""S2-SHO-SUR::T-Q1-SINGLE::SHO-SUR-M4::UAV-4"",""S2-SHO-SUR::T-Q2-TWO::SHO-SUR-M2+SHO-SUR-M5+SHO-SUR-M6::UAV-2""]","[""UAV-2::N::UAV-2::S2-SHO-SUR::T-Q2-TWO::SHO-SUR-M2+SHO-SUR-M5+SHO-SUR-M6::UAV-2->T::UAV-2"",""UAV-2::S::UAV-2->N::UAV-2::S2-SHO-SUR::T-Q2-TWO::SHO-SUR-M2+SHO-SUR-M5+SHO-SUR-M6::UAV-2"",""UAV-4::N::UAV-4::S2-SHO-SUR::T-Q1-SINGLE::SHO-SUR-M4::UAV-4->T::UAV-4"",""UAV-4::S::UAV-4->N::UAV-4::S2-SHO-SUR::T-Q1-SINGLE::SHO-SUR-M4::UAV-4""]","[""SHO-SUR-M2"",""SHO-SUR-M4"",""SHO-SUR-M5"",""SHO-SUR-M6""]",3
S2-SHO-SUR@32.000,L,3,maximize_full_defence_level_2,maximize,sum y_m for threat_level=2,optimal,True,2,0,5,,"{""absolute_tolerance"":1e-07,""value"":2.0}","[""S2-SHO-SUR::T-Q1-SINGLE::SHO-SUR-M3::UAV-4"",""S2-SHO-SUR::T-Q2-TWO::SHO-SUR-M4+SHO-SUR-M5+SHO-SUR-M6::UAV-2""]","[""UAV-2::N::UAV-2::S2-SHO-SUR::T-Q2-TWO::SHO-SUR-M4+SHO-SUR-M5+SHO-SUR-M6::UAV-2->T::UAV-2"",""UAV-2::S::UAV-2->N::UAV-2::S2-SHO-SUR::T-Q2-TWO::SHO-SUR-M4+SHO-SUR-M5+SHO-SUR-M6::UAV-2"",""UAV-4::N::UAV-4::S2-SHO-SUR::T-Q1-SINGLE::SHO-SUR-M3::UAV-4->T::UAV-4"",""UAV-4::S::UAV-4->N::UAV-4::S2-SHO-SUR::T-Q1-SINGLE::SHO-SUR-M3::UAV-4""]","[""SHO-SUR-M3"",""SHO-SUR-M4"",""SHO-SUR-M5"",""SHO-SUR-M6""]",3
S2-SHO-SUR@32.000,L,4,minimize_served_reaction_time_level_2,minimize,sum y_m*(latest_feasible_command_time-current_time),optimal,True,68.155366,0,5,,"{""absolute_tolerance"":6.8155366e-07,""value"":68.155366}","[""S2-SHO-SUR::T-Q1-SINGLE::SHO-SUR-M3::UAV-4"",""S2-SHO-SUR::T-Q2-TWO::SHO-SUR-M4+SHO-SUR-M5+SHO-SUR-M6::UAV-2""]","[""UAV-2::N::UAV-2::S2-SHO-SUR::T-Q2-TWO::SHO-SUR-M4+SHO-SUR-M5+SHO-SUR-M6::UAV-2->T::UAV-2"",""UAV-2::S::UAV-2->N::UAV-2::S2-SHO-SUR::T-Q2-TWO::SHO-SUR-M4+SHO-SUR-M5+SHO-SUR-M6::UAV-2"",""UAV-4::N::UAV-4::S2-SHO-SUR::T-Q1-SINGLE::SHO-SUR-M3::UAV-4->T::UAV-4"",""UAV-4::S::UAV-4->N::UAV-4::S2-SHO-SUR::T-Q1-SINGLE::SHO-SUR-M3::UAV-4""]","[""SHO-SUR-M3"",""SHO-SUR-M4"",""SHO-SUR-M5"",""SHO-SUR-M6""]",3
S2-SHO-SUR@32.000,L,5,maximize_full_defence_level_1,maximize,sum y_m for threat_level=1,optimal,True,0,0,5,,"{""absolute_tolerance"":1e-07,""value"":0.0}","[""S2-SHO-SUR::T-Q1-SINGLE::SHO-SUR-M3::UAV-4"",""S2-SHO-SUR::T-Q2-TWO::SHO-SUR-M4+SHO-SUR-M5+SHO-SUR-M6::UAV-2""]","[""UAV-2::N::UAV-2::S2-SHO-SUR::T-Q2-TWO::SHO-SUR-M4+SHO-SUR-M5+SHO-SUR-M6::UAV-2->T::UAV-2"",""UAV-2::S::UAV-2->N::UAV-2::S2-SHO-SUR::T-Q2-TWO::SHO-SUR-M4+SHO-SUR-M5+SHO-SUR-M6::UAV-2"",""UAV-4::N::UAV-4::S2-SHO-SUR::T-Q1-SINGLE::SHO-SUR-M3::UAV-4->T::UAV-4"",""UAV-4::S::UAV-4->N::UAV-4::S2-SHO-SUR::T-Q1-SINGLE::SHO-SUR-M3::UAV-4""]","[""SHO-SUR-M3"",""SHO-SUR-M4"",""SHO-SUR-M5"",""SHO-SUR-M6""]",3
S2-SHO-SUR@32.000,L,6,minimize_served_reaction_time_level_1,minimize,sum y_m*(latest_feasible_command_time-current_time),optimal,True,0,0,5,,"{""absolute_tolerance"":1e-07,""value"":0.0}","[""S2-SHO-SUR::T-Q1-SINGLE::SHO-SUR-M3::UAV-4"",""S2-SHO-SUR::T-Q2-TWO::SHO-SUR-M4+SHO-SUR-M5+SHO-SUR-M6::UAV-2""]","[""UAV-2::N::UAV-2::S2-SHO-SUR::T-Q2-TWO::SHO-SUR-M4+SHO-SUR-M5+SHO-SUR-M6::UAV-2->T::UAV-2"",""UAV-2::S::UAV-2->N::UAV-2::S2-SHO-SUR::T-Q2-TWO::SHO-SUR-M4+SHO-SUR-M5+SHO-SUR-M6::UAV-2"",""UAV-4::N::UAV-4::S2-SHO-SUR::T-Q1-SINGLE::SHO-SUR-M3::UAV-4->T::UAV-4"",""UAV-4::S::UAV-4->N::UAV-4::S2-SHO-SUR::T-Q1-SINGLE::SHO-SUR-M3::UAV-4""]","[""SHO-SUR-M3"",""SHO-SUR-M4"",""SHO-SUR-M5"",""SHO-SUR-M6""]",3
S2-SHO-SUR@32.000,L,7,minimize_unserved_remaining_window_level_3,maximize,served-duration equivalent of lexicographic unserved-window minimization,optimal,True,16,0,5,,"{""absolute_tolerance"":1.6e-07,""value"":16.0}","[""S2-SHO-SUR::T-Q1-SINGLE::SHO-SUR-M3::UAV-4"",""S2-SHO-SUR::T-Q2-TWO::SHO-SUR-M4+SHO-SUR-M5+SHO-SUR-M6::UAV-2""]","[""UAV-2::N::UAV-2::S2-SHO-SUR::T-Q2-TWO::SHO-SUR-M4+SHO-SUR-M5+SHO-SUR-M6::UAV-2->T::UAV-2"",""UAV-2::S::UAV-2->N::UAV-2::S2-SHO-SUR::T-Q2-TWO::SHO-SUR-M4+SHO-SUR-M5+SHO-SUR-M6::UAV-2"",""UAV-4::N::UAV-4::S2-SHO-SUR::T-Q1-SINGLE::SHO-SUR-M3::UAV-4->T::UAV-4"",""UAV-4::S::UAV-4->N::UAV-4::S2-SHO-SUR::T-Q1-SINGLE::SHO-SUR-M3::UAV-4""]","[""SHO-SUR-M3"",""SHO-SUR-M4"",""SHO-SUR-M5"",""SHO-SUR-M6""]",3
S2-SHO-SUR@32.000,L,8,minimize_unserved_remaining_window_level_2,maximize,served-duration equivalent of lexicographic unserved-window minimization,optimal,True,16,0,5,,"{""absolute_tolerance"":1.6e-07,""value"":16.0}","[""S2-SHO-SUR::T-Q1-SINGLE::SHO-SUR-M3::UAV-4"",""S2-SHO-SUR::T-Q2-TWO::SHO-SUR-M4+SHO-SUR-M5+SHO-SUR-M6::UAV-2""]","[""UAV-2::N::UAV-2::S2-SHO-SUR::T-Q2-TWO::SHO-SUR-M4+SHO-SUR-M5+SHO-SUR-M6::UAV-2->T::UAV-2"",""UAV-2::S::UAV-2->N::UAV-2::S2-SHO-SUR::T-Q2-TWO::SHO-SUR-M4+SHO-SUR-M5+SHO-SUR-M6::UAV-2"",""UAV-4::N::UAV-4::S2-SHO-SUR::T-Q1-SINGLE::SHO-SUR-M3::UAV-4->T::UAV-4"",""UAV-4::S::UAV-4->N::UAV-4::S2-SHO-SUR::T-Q1-SINGLE::SHO-SUR-M3::UAV-4""]","[""SHO-SUR-M3"",""SHO-SUR-M4"",""SHO-SUR-M5"",""SHO-SUR-M6""]",3
S2-SHO-SUR@32.000,L,9,minimize_unserved_remaining_window_level_1,maximize,served-duration equivalent of lexicographic unserved-window minimization,optimal,True,0,0,5,,"{""absolute_tolerance"":1e-07,""value"":0.0}","[""S2-SHO-SUR::T-Q1-SINGLE::SHO-SUR-M3::UAV-4"",""S2-SHO-SUR::T-Q2-TWO::SHO-SUR-M4+SHO-SUR-M5+SHO-SUR-M6::UAV-2""]","[""UAV-2::N::UAV-2::S2-SHO-SUR::T-Q2-TWO::SHO-SUR-M4+SHO-SUR-M5+SHO-SUR-M6::UAV-2->T::UAV-2"",""UAV-2::S::UAV-2->N::UAV-2::S2-SHO-SUR::T-Q2-TWO::SHO-SUR-M4+SHO-SUR-M5+SHO-SUR-M6::UAV-2"",""UAV-4::N::UAV-4::S2-SHO-SUR::T-Q1-SINGLE::SHO-SUR-M3::UAV-4->T::UAV-4"",""UAV-4::S::UAV-4->N::UAV-4::S2-SHO-SUR::T-Q1-SINGLE::SHO-SUR-M3::UAV-4""]","[""SHO-SUR-M3"",""SHO-SUR-M4"",""SHO-SUR-M5"",""SHO-SUR-M6""]",3
S2-SHO-SUR@32.000,L,10,minimize_bombs_used_and_reserved,minimize,sum candidate total bombs,optimal,True,3,0,5,,"{""absolute_tolerance"":1e-07,""value"":3.0}","[""S2-SHO-SUR::T-Q1-SINGLE::SHO-SUR-M3::UAV-4"",""S2-SHO-SUR::T-Q2-TWO::SHO-SUR-M4+SHO-SUR-M5+SHO-SUR-M6::UAV-2""]","[""UAV-2::N::UAV-2::S2-SHO-SUR::T-Q2-TWO::SHO-SUR-M4+SHO-SUR-M5+SHO-SUR-M6::UAV-2->T::UAV-2"",""UAV-2::S::UAV-2->N::UAV-2::S2-SHO-SUR::T-Q2-TWO::SHO-SUR-M4+SHO-SUR-M5+SHO-SUR-M6::UAV-2"",""UAV-4::N::UAV-4::S2-SHO-SUR::T-Q1-SINGLE::SHO-SUR-M3::UAV-4->T::UAV-4"",""UAV-4::S::UAV-4->N::UAV-4::S2-SHO-SUR::T-Q1-SINGLE::SHO-SUR-M3::UAV-4""]","[""SHO-SUR-M3"",""SHO-SUR-M4"",""SHO-SUR-M5"",""SHO-SUR-M6""]",3
S2-SHO-SUR@32.000,L,11,L_minimize_total_path,minimize,service plus selected transition path,optimal,True,2495.775486425,0,5,,"{""absolute_tolerance"":2.495775486425147e-05,""value"":2495.775486425147}","[""S2-SHO-SUR::T-Q1-SINGLE::SHO-SUR-M3::UAV-4"",""S2-SHO-SUR::T-Q2-TWO::SHO-SUR-M4+SHO-SUR-M5+SHO-SUR-M6::UAV-2""]","[""UAV-2::N::UAV-2::S2-SHO-SUR::T-Q2-TWO::SHO-SUR-M4+SHO-SUR-M5+SHO-SUR-M6::UAV-2->T::UAV-2"",""UAV-2::S::UAV-2->N::UAV-2::S2-SHO-SUR::T-Q2-TWO::SHO-SUR-M4+SHO-SUR-M5+SHO-SUR-M6::UAV-2"",""UAV-4::N::UAV-4::S2-SHO-SUR::T-Q1-SINGLE::SHO-SUR-M3::UAV-4->T::UAV-4"",""UAV-4::S::UAV-4->N::UAV-4::S2-SHO-SUR::T-Q1-SINGLE::SHO-SUR-M3::UAV-4""]","[""SHO-SUR-M3"",""SHO-SUR-M4"",""SHO-SUR-M5"",""SHO-SUR-M6""]",3
S2-SHO-SUR@32.000,L,12,L_minimize_turn_at_minimum_path,minimize,service plus transition turn proxy,optimal,True,3.569214216,0,5,,"{""absolute_tolerance"":1e-07,""value"":3.5692142156839526}","[""S2-SHO-SUR::T-Q1-SINGLE::SHO-SUR-M3::UAV-4"",""S2-SHO-SUR::T-Q2-TWO::SHO-SUR-M4+SHO-SUR-M5+SHO-SUR-M6::UAV-2""]","[""UAV-2::N::UAV-2::S2-SHO-SUR::T-Q2-TWO::SHO-SUR-M4+SHO-SUR-M5+SHO-SUR-M6::UAV-2->T::UAV-2"",""UAV-2::S::UAV-2->N::UAV-2::S2-SHO-SUR::T-Q2-TWO::SHO-SUR-M4+SHO-SUR-M5+SHO-SUR-M6::UAV-2"",""UAV-4::N::UAV-4::S2-SHO-SUR::T-Q1-SINGLE::SHO-SUR-M3::UAV-4->T::UAV-4"",""UAV-4::S::UAV-4->N::UAV-4::S2-SHO-SUR::T-Q1-SINGLE::SHO-SUR-M3::UAV-4""]","[""SHO-SUR-M3"",""SHO-SUR-M4"",""SHO-SUR-M5"",""SHO-SUR-M6""]",3
S2-SHO-SUR@32.000,L,13,minimize_flexible_plan_changes,minimize,explicit new-instance count; executed and committed instances are outside the flexible set,optimal,True,2,0,5,,"{""absolute_tolerance"":1e-07,""value"":2.0}","[""S2-SHO-SUR::T-Q1-SINGLE::SHO-SUR-M3::UAV-4"",""S2-SHO-SUR::T-Q2-TWO::SHO-SUR-M4+SHO-SUR-M5+SHO-SUR-M6::UAV-2""]","[""UAV-2::N::UAV-2::S2-SHO-SUR::T-Q2-TWO::SHO-SUR-M4+SHO-SUR-M5+SHO-SUR-M6::UAV-2->T::UAV-2"",""UAV-2::S::UAV-2->N::UAV-2::S2-SHO-SUR::T-Q2-TWO::SHO-SUR-M4+SHO-SUR-M5+SHO-SUR-M6::UAV-2"",""UAV-4::N::UAV-4::S2-SHO-SUR::T-Q1-SINGLE::SHO-SUR-M3::UAV-4->T::UAV-4"",""UAV-4::S::UAV-4->N::UAV-4::S2-SHO-SUR::T-Q1-SINGLE::SHO-SUR-M3::UAV-4""]","[""SHO-SUR-M3"",""SHO-SUR-M4"",""SHO-SUR-M5"",""SHO-SUR-M6""]",3
S2-SUF-OVR@0.000,L,1,maximize_full_defence_level_3,maximize,sum y_m for threat_level=3,optimal,True,2,0,5,,"{""absolute_tolerance"":1e-07,""value"":2.0}","[""S2-SUF-OVR::T-Q2-THREE::SUF-OVR-M1::UAV-1"",""S2-SUF-OVR::T-Q2-TWO::SUF-OVR-M4::UAV-5""]","[""UAV-1::N::UAV-1::S2-SUF-OVR::T-Q2-THREE::SUF-OVR-M1::UAV-1->T::UAV-1"",""UAV-1::S::UAV-1->N::UAV-1::S2-SUF-OVR::T-Q2-THREE::SUF-OVR-M1::UAV-1"",""UAV-5::N::UAV-5::S2-SUF-OVR::T-Q2-TWO::SUF-OVR-M4::UAV-5->T::UAV-5"",""UAV-5::S::UAV-5->N::UAV-5::S2-SUF-OVR::T-Q2-TWO::SUF-OVR-M4::UAV-5""]","[""SUF-OVR-M1"",""SUF-OVR-M4""]",5
S2-SUF-OVR@0.000,L,2,minimize_served_reaction_time_level_3,minimize,sum y_m*(latest_feasible_command_time-current_time),optimal,True,94.8136,0,5,,"{""absolute_tolerance"":9.481360000000001e-07,""value"":94.81360000000001}","[""S2-SUF-OVR::T-Q1-SINGLE::SUF-OVR-M4::UAV-4"",""S2-SUF-OVR::T-Q2-TWO::SUF-OVR-M1::UAV-5""]","[""UAV-4::N::UAV-4::S2-SUF-OVR::T-Q1-SINGLE::SUF-OVR-M4::UAV-4->T::UAV-4"",""UAV-4::S::UAV-4->N::UAV-4::S2-SUF-OVR::T-Q1-SINGLE::SUF-OVR-M4::UAV-4"",""UAV-5::N::UAV-5::S2-SUF-OVR::T-Q2-TWO::SUF-OVR-M1::UAV-5->T::UAV-5"",""UAV-5::S::UAV-5->N::UAV-5::S2-SUF-OVR::T-Q2-TWO::SUF-OVR-M1::UAV-5""]","[""SUF-OVR-M1"",""SUF-OVR-M4""]",3
S2-SUF-OVR@0.000,L,3,maximize_full_defence_level_2,maximize,sum y_m for threat_level=2,optimal,True,1,0,5,,"{""absolute_tolerance"":1e-07,""value"":1.0}","[""S2-SUF-OVR::T-Q1-SINGLE::SUF-OVR-M4::UAV-4"",""S2-SUF-OVR::T-Q2-TWO::SUF-OVR-M1::UAV-2"",""S2-SUF-OVR::T-Q2-TWO::SUF-OVR-M2::UAV-5""]","[""UAV-2::N::UAV-2::S2-SUF-OVR::T-Q2-TWO::SUF-OVR-M1::UAV-2->T::UAV-2"",""UAV-2::S::UAV-2->N::UAV-2::S2-SUF-OVR::T-Q2-TWO::SUF-OVR-M1::UAV-2"",""UAV-4::N::UAV-4::S2-SUF-OVR::T-Q1-SINGLE::SUF-OVR-M4::UAV-4->T::UAV-4"",""UAV-4::S::UAV-4->N::UAV-4::S2-SUF-OVR::T-Q1-SINGLE::SUF-OVR-M4::UAV-4"",""UAV-5::N::UAV-5::S2-SUF-OVR::T-Q2-TWO::SUF-OVR-M2::UAV-5->T::UAV-5"",""UAV-5::S::UAV-5->N::UAV-5::S2-SUF-OVR::T-Q2-TWO::SUF-OVR-M2::UAV-5""]","[""SUF-OVR-M1"",""SUF-OVR-M2"",""SUF-OVR-M4""]",5
S2-SUF-OVR@0.000,L,4,minimize_served_reaction_time_level_2,minimize,sum y_m*(latest_feasible_command_time-current_time),optimal,True,46.2818,0,5,,"{""absolute_tolerance"":4.6281800000000006e-07,""value"":46.281800000000004}","[""S2-SUF-OVR::T-Q2-TWO::SUF-OVR-M1+SUF-OVR-M2+SUF-OVR-M3+SUF-OVR-M4::UAV-5""]","[""UAV-5::N::UAV-5::S2-SUF-OVR::T-Q2-TWO::SUF-OVR-M1+SUF-OVR-M2+SUF-OVR-M3+SUF-OVR-M4::UAV-5->T::UAV-5"",""UAV-5::S::UAV-5->N::UAV-5::S2-SUF-OVR::T-Q2-TWO::SUF-OVR-M1+SUF-OVR-M2+SUF-OVR-M3+SUF-OVR-M4::UAV-5""]","[""SUF-OVR-M1"",""SUF-OVR-M2"",""SUF-OVR-M3"",""SUF-OVR-M4""]",2
S2-SUF-OVR@0.000,L,5,maximize_full_defence_level_1,maximize,sum y_m for threat_level=1,optimal,True,1,0,5,,"{""absolute_tolerance"":1e-07,""value"":1.0}","[""S2-SUF-OVR::T-Q2-TWO::SUF-OVR-M1+SUF-OVR-M2+SUF-OVR-M3+SUF-OVR-M4::UAV-5""]","[""UAV-5::N::UAV-5::S2-SUF-OVR::T-Q2-TWO::SUF-OVR-M1+SUF-OVR-M2+SUF-OVR-M3+SUF-OVR-M4::UAV-5->T::UAV-5"",""UAV-5::S::UAV-5->N::UAV-5::S2-SUF-OVR::T-Q2-TWO::SUF-OVR-M1+SUF-OVR-M2+SUF-OVR-M3+SUF-OVR-M4::UAV-5""]","[""SUF-OVR-M1"",""SUF-OVR-M2"",""SUF-OVR-M3"",""SUF-OVR-M4""]",2
S2-SUF-OVR@0.000,L,6,minimize_served_reaction_time_level_1,minimize,sum y_m*(latest_feasible_command_time-current_time),optimal,True,47.0318,0,5,,"{""absolute_tolerance"":4.7031800000000004e-07,""value"":47.031800000000004}","[""S2-SUF-OVR::T-Q2-THREE::SUF-OVR-M1+SUF-OVR-M2+SUF-OVR-M3+SUF-OVR-M4::UAV-3""]","[""UAV-3::N::UAV-3::S2-SUF-OVR::T-Q2-THREE::SUF-OVR-M1+SUF-OVR-M2+SUF-OVR-M3+SUF-OVR-M4::UAV-3->T::UAV-3"",""UAV-3::S::UAV-3->N::UAV-3::S2-SUF-OVR::T-Q2-THREE::SUF-OVR-M1+SUF-OVR-M2+SUF-OVR-M3+SUF-OVR-M4::UAV-3""]","[""SUF-OVR-M1"",""SUF-OVR-M2"",""SUF-OVR-M3"",""SUF-OVR-M4""]",3
S2-SUF-OVR@0.000,L,7,minimize_unserved_remaining_window_level_3,maximize,served-duration equivalent of lexicographic unserved-window minimization,optimal,True,16,0,5,,"{""absolute_tolerance"":1.6e-07,""value"":16.0}","[""S2-SUF-OVR::T-Q2-THREE::SUF-OVR-M1+SUF-OVR-M2+SUF-OVR-M3+SUF-OVR-M4::UAV-3""]","[""UAV-3::N::UAV-3::S2-SUF-OVR::T-Q2-THREE::SUF-OVR-M1+SUF-OVR-M2+SUF-OVR-M3+SUF-OVR-M4::UAV-3->T::UAV-3"",""UAV-3::S::UAV-3->N::UAV-3::S2-SUF-OVR::T-Q2-THREE::SUF-OVR-M1+SUF-OVR-M2+SUF-OVR-M3+SUF-OVR-M4::UAV-3""]","[""SUF-OVR-M1"",""SUF-OVR-M2"",""SUF-OVR-M3"",""SUF-OVR-M4""]",3
S2-SUF-OVR@0.000,L,8,minimize_unserved_remaining_window_level_2,maximize,served-duration equivalent of lexicographic unserved-window minimization,optimal,True,8,0,5,,"{""absolute_tolerance"":1e-07,""value"":8.0}","[""S2-SUF-OVR::T-Q2-THREE::SUF-OVR-M1+SUF-OVR-M2+SUF-OVR-M3+SUF-OVR-M4::UAV-3""]","[""UAV-3::N::UAV-3::S2-SUF-OVR::T-Q2-THREE::SUF-OVR-M1+SUF-OVR-M2+SUF-OVR-M3+SUF-OVR-M4::UAV-3->T::UAV-3"",""UAV-3::S::UAV-3->N::UAV-3::S2-SUF-OVR::T-Q2-THREE::SUF-OVR-M1+SUF-OVR-M2+SUF-OVR-M3+SUF-OVR-M4::UAV-3""]","[""SUF-OVR-M1"",""SUF-OVR-M2"",""SUF-OVR-M3"",""SUF-OVR-M4""]",3
S2-SUF-OVR@0.000,L,9,minimize_unserved_remaining_window_level_1,maximize,served-duration equivalent of lexicographic unserved-window minimization,optimal,True,8,0,5,,"{""absolute_tolerance"":1e-07,""value"":8.0}","[""S2-SUF-OVR::T-Q2-THREE::SUF-OVR-M1+SUF-OVR-M2+SUF-OVR-M3+SUF-OVR-M4::UAV-3""]","[""UAV-3::N::UAV-3::S2-SUF-OVR::T-Q2-THREE::SUF-OVR-M1+SUF-OVR-M2+SUF-OVR-M3+SUF-OVR-M4::UAV-3->T::UAV-3"",""UAV-3::S::UAV-3->N::UAV-3::S2-SUF-OVR::T-Q2-THREE::SUF-OVR-M1+SUF-OVR-M2+SUF-OVR-M3+SUF-OVR-M4::UAV-3""]","[""SUF-OVR-M1"",""SUF-OVR-M2"",""SUF-OVR-M3"",""SUF-OVR-M4""]",3
S2-SUF-OVR@0.000,L,10,minimize_bombs_used_and_reserved,minimize,sum candidate total bombs,optimal,True,2,0,5,,"{""absolute_tolerance"":1e-07,""value"":2.0}","[""S2-SUF-OVR::T-Q2-TWO::SUF-OVR-M1+SUF-OVR-M2+SUF-OVR-M3+SUF-OVR-M4::UAV-5""]","[""UAV-5::N::UAV-5::S2-SUF-OVR::T-Q2-TWO::SUF-OVR-M1+SUF-OVR-M2+SUF-OVR-M3+SUF-OVR-M4::UAV-5->T::UAV-5"",""UAV-5::S::UAV-5->N::UAV-5::S2-SUF-OVR::T-Q2-TWO::SUF-OVR-M1+SUF-OVR-M2+SUF-OVR-M3+SUF-OVR-M4::UAV-5""]","[""SUF-OVR-M1"",""SUF-OVR-M2"",""SUF-OVR-M3"",""SUF-OVR-M4""]",2
S2-SUF-OVR@0.000,L,11,L_minimize_total_path,minimize,service plus selected transition path,optimal,True,1228.727441181,0,5,,"{""absolute_tolerance"":1.228727441181401e-05,""value"":1228.727441181401}","[""S2-SUF-OVR::T-Q2-TWO::SUF-OVR-M1+SUF-OVR-M2+SUF-OVR-M3+SUF-OVR-M4::UAV-2""]","[""UAV-2::N::UAV-2::S2-SUF-OVR::T-Q2-TWO::SUF-OVR-M1+SUF-OVR-M2+SUF-OVR-M3+SUF-OVR-M4::UAV-2->T::UAV-2"",""UAV-2::S::UAV-2->N::UAV-2::S2-SUF-OVR::T-Q2-TWO::SUF-OVR-M1+SUF-OVR-M2+SUF-OVR-M3+SUF-OVR-M4::UAV-2""]","[""SUF-OVR-M1"",""SUF-OVR-M2"",""SUF-OVR-M3"",""SUF-OVR-M4""]",2
S2-SUF-OVR@0.000,L,12,L_minimize_turn_at_minimum_path,minimize,service plus transition turn proxy,optimal,True,2.712123025,0,5,,"{""absolute_tolerance"":1e-07,""value"":2.712123025060966}","[""S2-SUF-OVR::T-Q2-TWO::SUF-OVR-M1+SUF-OVR-M2+SUF-OVR-M3+SUF-OVR-M4::UAV-2""]","[""UAV-2::N::UAV-2::S2-SUF-OVR::T-Q2-TWO::SUF-OVR-M1+SUF-OVR-M2+SUF-OVR-M3+SUF-OVR-M4::UAV-2->T::UAV-2"",""UAV-2::S::UAV-2->N::UAV-2::S2-SUF-OVR::T-Q2-TWO::SUF-OVR-M1+SUF-OVR-M2+SUF-OVR-M3+SUF-OVR-M4::UAV-2""]","[""SUF-OVR-M1"",""SUF-OVR-M2"",""SUF-OVR-M3"",""SUF-OVR-M4""]",2
S2-SUF-OVR@0.000,L,13,minimize_flexible_plan_changes,minimize,explicit new-instance count; executed and committed instances are outside the flexible set,optimal,True,1,0,5,,"{""absolute_tolerance"":1e-07,""value"":1.0}","[""S2-SUF-OVR::T-Q2-TWO::SUF-OVR-M1+SUF-OVR-M2+SUF-OVR-M3+SUF-OVR-M4::UAV-2""]","[""UAV-2::N::UAV-2::S2-SUF-OVR::T-Q2-TWO::SUF-OVR-M1+SUF-OVR-M2+SUF-OVR-M3+SUF-OVR-M4::UAV-2->T::UAV-2"",""UAV-2::S::UAV-2->N::UAV-2::S2-SUF-OVR::T-Q2-TWO::SUF-OVR-M1+SUF-OVR-M2+SUF-OVR-M3+SUF-OVR-M4::UAV-2""]","[""SUF-OVR-M1"",""SUF-OVR-M2"",""SUF-OVR-M3"",""SUF-OVR-M4""]",2
S2-SUF-OVR@0.000,T,1,maximize_full_defence_level_3,maximize,sum y_m for threat_level=3,optimal,True,2,0,5,,"{""absolute_tolerance"":1e-07,""value"":2.0}","[""S2-SUF-OVR::T-Q2-THREE::SUF-OVR-M1::UAV-1"",""S2-SUF-OVR::T-Q2-TWO::SUF-OVR-M4::UAV-5""]","[""UAV-1::N::UAV-1::S2-SUF-OVR::T-Q2-THREE::SUF-OVR-M1::UAV-1->T::UAV-1"",""UAV-1::S::UAV-1->N::UAV-1::S2-SUF-OVR::T-Q2-THREE::SUF-OVR-M1::UAV-1"",""UAV-5::N::UAV-5::S2-SUF-OVR::T-Q2-TWO::SUF-OVR-M4::UAV-5->T::UAV-5"",""UAV-5::S::UAV-5->N::UAV-5::S2-SUF-OVR::T-Q2-TWO::SUF-OVR-M4::UAV-5""]","[""SUF-OVR-M1"",""SUF-OVR-M4""]",5
S2-SUF-OVR@0.000,T,2,minimize_served_reaction_time_level_3,minimize,sum y_m*(latest_feasible_command_time-current_time),optimal,True,94.8136,0,5,,"{""absolute_tolerance"":9.481360000000001e-07,""value"":94.81360000000001}","[""S2-SUF-OVR::T-Q1-SINGLE::SUF-OVR-M4::UAV-4"",""S2-SUF-OVR::T-Q2-TWO::SUF-OVR-M1::UAV-5""]","[""UAV-4::N::UAV-4::S2-SUF-OVR::T-Q1-SINGLE::SUF-OVR-M4::UAV-4->T::UAV-4"",""UAV-4::S::UAV-4->N::UAV-4::S2-SUF-OVR::T-Q1-SINGLE::SUF-OVR-M4::UAV-4"",""UAV-5::N::UAV-5::S2-SUF-OVR::T-Q2-TWO::SUF-OVR-M1::UAV-5->T::UAV-5"",""UAV-5::S::UAV-5->N::UAV-5::S2-SUF-OVR::T-Q2-TWO::SUF-OVR-M1::UAV-5""]","[""SUF-OVR-M1"",""SUF-OVR-M4""]",3
S2-SUF-OVR@0.000,T,3,maximize_full_defence_level_2,maximize,sum y_m for threat_level=2,optimal,True,1,0,5,,"{""absolute_tolerance"":1e-07,""value"":1.0}","[""S2-SUF-OVR::T-Q1-SINGLE::SUF-OVR-M4::UAV-4"",""S2-SUF-OVR::T-Q2-TWO::SUF-OVR-M1::UAV-2"",""S2-SUF-OVR::T-Q2-TWO::SUF-OVR-M2::UAV-5""]","[""UAV-2::N::UAV-2::S2-SUF-OVR::T-Q2-TWO::SUF-OVR-M1::UAV-2->T::UAV-2"",""UAV-2::S::UAV-2->N::UAV-2::S2-SUF-OVR::T-Q2-TWO::SUF-OVR-M1::UAV-2"",""UAV-4::N::UAV-4::S2-SUF-OVR::T-Q1-SINGLE::SUF-OVR-M4::UAV-4->T::UAV-4"",""UAV-4::S::UAV-4->N::UAV-4::S2-SUF-OVR::T-Q1-SINGLE::SUF-OVR-M4::UAV-4"",""UAV-5::N::UAV-5::S2-SUF-OVR::T-Q2-TWO::SUF-OVR-M2::UAV-5->T::UAV-5"",""UAV-5::S::UAV-5->N::UAV-5::S2-SUF-OVR::T-Q2-TWO::SUF-OVR-M2::UAV-5""]","[""SUF-OVR-M1"",""SUF-OVR-M2"",""SUF-OVR-M4""]",5
S2-SUF-OVR@0.000,T,4,minimize_served_reaction_time_level_2,minimize,sum y_m*(latest_feasible_command_time-current_time),optimal,True,46.2818,0,5,,"{""absolute_tolerance"":4.6281800000000006e-07,""value"":46.281800000000004}","[""S2-SUF-OVR::T-Q2-TWO::SUF-OVR-M1+SUF-OVR-M2+SUF-OVR-M3+SUF-OVR-M4::UAV-5""]","[""UAV-5::N::UAV-5::S2-SUF-OVR::T-Q2-TWO::SUF-OVR-M1+SUF-OVR-M2+SUF-OVR-M3+SUF-OVR-M4::UAV-5->T::UAV-5"",""UAV-5::S::UAV-5->N::UAV-5::S2-SUF-OVR::T-Q2-TWO::SUF-OVR-M1+SUF-OVR-M2+SUF-OVR-M3+SUF-OVR-M4::UAV-5""]","[""SUF-OVR-M1"",""SUF-OVR-M2"",""SUF-OVR-M3"",""SUF-OVR-M4""]",2
S2-SUF-OVR@0.000,T,5,maximize_full_defence_level_1,maximize,sum y_m for threat_level=1,optimal,True,1,0,5,,"{""absolute_tolerance"":1e-07,""value"":1.0}","[""S2-SUF-OVR::T-Q2-TWO::SUF-OVR-M1+SUF-OVR-M2+SUF-OVR-M3+SUF-OVR-M4::UAV-5""]","[""UAV-5::N::UAV-5::S2-SUF-OVR::T-Q2-TWO::SUF-OVR-M1+SUF-OVR-M2+SUF-OVR-M3+SUF-OVR-M4::UAV-5->T::UAV-5"",""UAV-5::S::UAV-5->N::UAV-5::S2-SUF-OVR::T-Q2-TWO::SUF-OVR-M1+SUF-OVR-M2+SUF-OVR-M3+SUF-OVR-M4::UAV-5""]","[""SUF-OVR-M1"",""SUF-OVR-M2"",""SUF-OVR-M3"",""SUF-OVR-M4""]",2
S2-SUF-OVR@0.000,T,6,minimize_served_reaction_time_level_1,minimize,sum y_m*(latest_feasible_command_time-current_time),optimal,True,47.0318,0,5,,"{""absolute_tolerance"":4.7031800000000004e-07,""value"":47.031800000000004}","[""S2-SUF-OVR::T-Q2-THREE::SUF-OVR-M1+SUF-OVR-M2+SUF-OVR-M3+SUF-OVR-M4::UAV-3""]","[""UAV-3::N::UAV-3::S2-SUF-OVR::T-Q2-THREE::SUF-OVR-M1+SUF-OVR-M2+SUF-OVR-M3+SUF-OVR-M4::UAV-3->T::UAV-3"",""UAV-3::S::UAV-3->N::UAV-3::S2-SUF-OVR::T-Q2-THREE::SUF-OVR-M1+SUF-OVR-M2+SUF-OVR-M3+SUF-OVR-M4::UAV-3""]","[""SUF-OVR-M1"",""SUF-OVR-M2"",""SUF-OVR-M3"",""SUF-OVR-M4""]",3
S2-SUF-OVR@0.000,T,7,minimize_unserved_remaining_window_level_3,maximize,served-duration equivalent of lexicographic unserved-window minimization,optimal,True,16,0,5,,"{""absolute_tolerance"":1.6e-07,""value"":16.0}","[""S2-SUF-OVR::T-Q2-THREE::SUF-OVR-M1+SUF-OVR-M2+SUF-OVR-M3+SUF-OVR-M4::UAV-3""]","[""UAV-3::N::UAV-3::S2-SUF-OVR::T-Q2-THREE::SUF-OVR-M1+SUF-OVR-M2+SUF-OVR-M3+SUF-OVR-M4::UAV-3->T::UAV-3"",""UAV-3::S::UAV-3->N::UAV-3::S2-SUF-OVR::T-Q2-THREE::SUF-OVR-M1+SUF-OVR-M2+SUF-OVR-M3+SUF-OVR-M4::UAV-3""]","[""SUF-OVR-M1"",""SUF-OVR-M2"",""SUF-OVR-M3"",""SUF-OVR-M4""]",3
S2-SUF-OVR@0.000,T,8,minimize_unserved_remaining_window_level_2,maximize,served-duration equivalent of lexicographic unserved-window minimization,optimal,True,8,0,5,,"{""absolute_tolerance"":1e-07,""value"":8.0}","[""S2-SUF-OVR::T-Q2-THREE::SUF-OVR-M1+SUF-OVR-M2+SUF-OVR-M3+SUF-OVR-M4::UAV-3""]","[""UAV-3::N::UAV-3::S2-SUF-OVR::T-Q2-THREE::SUF-OVR-M1+SUF-OVR-M2+SUF-OVR-M3+SUF-OVR-M4::UAV-3->T::UAV-3"",""UAV-3::S::UAV-3->N::UAV-3::S2-SUF-OVR::T-Q2-THREE::SUF-OVR-M1+SUF-OVR-M2+SUF-OVR-M3+SUF-OVR-M4::UAV-3""]","[""SUF-OVR-M1"",""SUF-OVR-M2"",""SUF-OVR-M3"",""SUF-OVR-M4""]",3
S2-SUF-OVR@0.000,T,9,minimize_unserved_remaining_window_level_1,maximize,served-duration equivalent of lexicographic unserved-window minimization,optimal,True,8,0,5,,"{""absolute_tolerance"":1e-07,""value"":8.0}","[""S2-SUF-OVR::T-Q2-THREE::SUF-OVR-M1+SUF-OVR-M2+SUF-OVR-M3+SUF-OVR-M4::UAV-3""]","[""UAV-3::N::UAV-3::S2-SUF-OVR::T-Q2-THREE::SUF-OVR-M1+SUF-OVR-M2+SUF-OVR-M3+SUF-OVR-M4::UAV-3->T::UAV-3"",""UAV-3::S::UAV-3->N::UAV-3::S2-SUF-OVR::T-Q2-THREE::SUF-OVR-M1+SUF-OVR-M2+SUF-OVR-M3+SUF-OVR-M4::UAV-3""]","[""SUF-OVR-M1"",""SUF-OVR-M2"",""SUF-OVR-M3"",""SUF-OVR-M4""]",3
S2-SUF-OVR@0.000,T,10,minimize_bombs_used_and_reserved,minimize,sum candidate total bombs,optimal,True,2,0,5,,"{""absolute_tolerance"":1e-07,""value"":2.0}","[""S2-SUF-OVR::T-Q2-TWO::SUF-OVR-M1+SUF-OVR-M2+SUF-OVR-M3+SUF-OVR-M4::UAV-5""]","[""UAV-5::N::UAV-5::S2-SUF-OVR::T-Q2-TWO::SUF-OVR-M1+SUF-OVR-M2+SUF-OVR-M3+SUF-OVR-M4::UAV-5->T::UAV-5"",""UAV-5::S::UAV-5->N::UAV-5::S2-SUF-OVR::T-Q2-TWO::SUF-OVR-M1+SUF-OVR-M2+SUF-OVR-M3+SUF-OVR-M4::UAV-5""]","[""SUF-OVR-M1"",""SUF-OVR-M2"",""SUF-OVR-M3"",""SUF-OVR-M4""]",2
S2-SUF-OVR@0.000,T,11,T_minimize_total_turn,minimize,service plus selected transition turn proxy,optimal,True,1.417198631,0,5,,"{""absolute_tolerance"":1e-07,""value"":1.417198630687125}","[""S2-SUF-OVR::T-Q2-TWO::SUF-OVR-M1+SUF-OVR-M2+SUF-OVR-M3+SUF-OVR-M4::UAV-5""]","[""UAV-5::N::UAV-5::S2-SUF-OVR::T-Q2-TWO::SUF-OVR-M1+SUF-OVR-M2+SUF-OVR-M3+SUF-OVR-M4::UAV-5->T::UAV-5"",""UAV-5::S::UAV-5->N::UAV-5::S2-SUF-OVR::T-Q2-TWO::SUF-OVR-M1+SUF-OVR-M2+SUF-OVR-M3+SUF-OVR-M4::UAV-5""]","[""SUF-OVR-M1"",""SUF-OVR-M2"",""SUF-OVR-M3"",""SUF-OVR-M4""]",2
S2-SUF-OVR@0.000,T,12,T_minimize_path_at_minimum_turn,minimize,service plus selected transition path,optimal,True,1300.378679244,0,5,,"{""absolute_tolerance"":1.3003786792439623e-05,""value"":1300.3786792439623}","[""S2-SUF-OVR::T-Q2-TWO::SUF-OVR-M1+SUF-OVR-M2+SUF-OVR-M3+SUF-OVR-M4::UAV-5""]","[""UAV-5::N::UAV-5::S2-SUF-OVR::T-Q2-TWO::SUF-OVR-M1+SUF-OVR-M2+SUF-OVR-M3+SUF-OVR-M4::UAV-5->T::UAV-5"",""UAV-5::S::UAV-5->N::UAV-5::S2-SUF-OVR::T-Q2-TWO::SUF-OVR-M1+SUF-OVR-M2+SUF-OVR-M3+SUF-OVR-M4::UAV-5""]","[""SUF-OVR-M1"",""SUF-OVR-M2"",""SUF-OVR-M3"",""SUF-OVR-M4""]",2
S2-SUF-OVR@0.000,T,13,minimize_flexible_plan_changes,minimize,explicit new-instance count; executed and committed instances are outside the flexible set,optimal,True,1,0,5,,"{""absolute_tolerance"":1e-07,""value"":1.0}","[""S2-SUF-OVR::T-Q2-TWO::SUF-OVR-M1+SUF-OVR-M2+SUF-OVR-M3+SUF-OVR-M4::UAV-5""]","[""UAV-5::N::UAV-5::S2-SUF-OVR::T-Q2-TWO::SUF-OVR-M1+SUF-OVR-M2+SUF-OVR-M3+SUF-OVR-M4::UAV-5->T::UAV-5"",""UAV-5::S::UAV-5->N::UAV-5::S2-SUF-OVR::T-Q2-TWO::SUF-OVR-M1+SUF-OVR-M2+SUF-OVR-M3+SUF-OVR-M4::UAV-5""]","[""SUF-OVR-M1"",""SUF-OVR-M2"",""SUF-OVR-M3"",""SUF-OVR-M4""]",2
S2-SUF-SEQ@0.000,L,1,maximize_full_defence_level_3,maximize,sum y_m for threat_level=3,optimal,True,2,0,5,,"{""absolute_tolerance"":1e-07,""value"":2.0}","[""S2-SUF-SEQ::T-Q2-THREE::SUF-SEQ-M1::UAV-1"",""S2-SUF-SEQ::T-Q2-THREE::SUF-SEQ-M4::UAV-3""]","[""UAV-1::N::UAV-1::S2-SUF-SEQ::T-Q2-THREE::SUF-SEQ-M1::UAV-1->T::UAV-1"",""UAV-1::S::UAV-1->N::UAV-1::S2-SUF-SEQ::T-Q2-THREE::SUF-SEQ-M1::UAV-1"",""UAV-3::N::UAV-3::S2-SUF-SEQ::T-Q2-THREE::SUF-SEQ-M4::UAV-3->T::UAV-3"",""UAV-3::S::UAV-3->N::UAV-3::S2-SUF-SEQ::T-Q2-THREE::SUF-SEQ-M4::UAV-3""]","[""SUF-SEQ-M1"",""SUF-SEQ-M4""]",6
S2-SUF-SEQ@0.000,L,2,minimize_served_reaction_time_level_3,minimize,sum y_m*(latest_feasible_command_time-current_time),optimal,True,138.0636,0,5,,"{""absolute_tolerance"":1.3806360000000001e-06,""value"":138.0636}","[""S2-SUF-SEQ::T-Q1-SINGLE::SUF-SEQ-M1::UAV-1"",""S2-SUF-SEQ::T-Q2-TWO::SUF-SEQ-M4::UAV-5""]","[""UAV-1::N::UAV-1::S2-SUF-SEQ::T-Q1-SINGLE::SUF-SEQ-M1::UAV-1->T::UAV-1"",""UAV-1::S::UAV-1->N::UAV-1::S2-SUF-SEQ::T-Q1-SINGLE::SUF-SEQ-M1::UAV-1"",""UAV-5::N::UAV-5::S2-SUF-SEQ::T-Q2-TWO::SUF-SEQ-M4::UAV-5->T::UAV-5"",""UAV-5::S::UAV-5->N::UAV-5::S2-SUF-SEQ::T-Q2-TWO::SUF-SEQ-M4::UAV-5""]","[""SUF-SEQ-M1"",""SUF-SEQ-M4""]",3
S2-SUF-SEQ@0.000,L,3,maximize_full_defence_level_2,maximize,sum y_m for threat_level=2,optimal,True,1,0,5,,"{""absolute_tolerance"":1e-07,""value"":1.0}","[""S2-SUF-SEQ::T-Q2-THREE::SUF-SEQ-M1+SUF-SEQ-M2::UAV-3"",""S2-SUF-SEQ::T-Q2-THREE::SUF-SEQ-M3::UAV-1"",""S2-SUF-SEQ::T-Q2-TWO::SUF-SEQ-M1::UAV-2"",""S2-SUF-SEQ::T-Q2-TWO::SUF-SEQ-M4::UAV-5""]","[""UAV-1::N::UAV-1::S2-SUF-SEQ::T-Q2-THREE::SUF-SEQ-M3::UAV-1->T::UAV-1"",""UAV-1::S::UAV-1->N::UAV-1::S2-SUF-SEQ::T-Q2-THREE::SUF-SEQ-M3::UAV-1"",""UAV-2::N::UAV-2::S2-SUF-SEQ::T-Q2-TWO::SUF-SEQ-M1::UAV-2->T::UAV-2"",""UAV-2::S::UAV-2->N::UAV-2::S2-SUF-SEQ::T-Q2-TWO::SUF-SEQ-M1::UAV-2"",""UAV-3::N::UAV-3::S2-SUF-SEQ::T-Q2-THREE::SUF-SEQ-M1+SUF-SEQ-M2::UAV-3->T::UAV-3"",""UAV-3::S::UAV-3->N::UAV-3::S2-SUF-SEQ::T-Q2-THREE::SUF-SEQ-M1+SUF-SEQ-M2::UAV-3"",""UAV-5::N::UAV-5::S2-SUF-SEQ::T-Q2-TWO::SUF-SEQ-M4::UAV-5->T::UAV-5"",""UAV-5::S::UAV-5->N::UAV-5::S2-SUF-SEQ::T-Q2-TWO::SUF-SEQ-M4::UAV-5""]","[""SUF-SEQ-M1"",""SUF-SEQ-M2"",""SUF-SEQ-M3"",""SUF-SEQ-M4""]",10
S2-SUF-SEQ@0.000,L,4,minimize_served_reaction_time_level_2,minimize,sum y_m*(latest_feasible_command_time-current_time),optimal,True,58.0318,0,5,,"{""absolute_tolerance"":5.80318e-07,""value"":58.031800000000004}","[""S2-SUF-SEQ::T-Q1-SINGLE::SUF-SEQ-M1::UAV-4"",""S2-SUF-SEQ::T-Q1-SINGLE::SUF-SEQ-M2::UAV-1"",""S2-SUF-SEQ::T-Q1-SINGLE::SUF-SEQ-M4::UAV-1""]","[""UAV-1::N::UAV-1::S2-SUF-SEQ::T-Q1-SINGLE::SUF-SEQ-M2::UAV-1->N::UAV-1::S2-SUF-SEQ::T-Q1-SINGLE::SUF-SEQ-M4::UAV-1"",""UAV-1::N::UAV-1::S2-SUF-SEQ::T-Q1-SINGLE::SUF-SEQ-M4::UAV-1->T::UAV-1"",""UAV-1::S::UAV-1->N::UAV-1::S2-SUF-SEQ::T-Q1-SINGLE::SUF-SEQ-M2::UAV-1"",""UAV-4::N::UAV-4::S2-SUF-SEQ::T-Q1-SINGLE::SUF-SEQ-M1::UAV-4->T::UAV-4"",""UAV-4::S::UAV-4->N::UAV-4::S2-SUF-SEQ::T-Q1-SINGLE::SUF-SEQ-M1::UAV-4""]","[""SUF-SEQ-M1"",""SUF-SEQ-M2"",""SUF-SEQ-M4""]",3
S2-SUF-SEQ@0.000,L,5,maximize_full_defence_level_1,maximize,sum y_m for threat_level=1,optimal,True,1,0,5,,"{""absolute_tolerance"":1e-07,""value"":1.0}","[""S2-SUF-SEQ::T-Q2-THREE::SUF-SEQ-M1+SUF-SEQ-M2::UAV-3"",""S2-SUF-SEQ::T-Q2-THREE::SUF-SEQ-M3+SUF-SEQ-M4::UAV-1""]","[""UAV-1::N::UAV-1::S2-SUF-SEQ::T-Q2-THREE::SUF-SEQ-M3+SUF-SEQ-M4::UAV-1->T::UAV-1"",""UAV-1::S::UAV-1->N::UAV-1::S2-SUF-SEQ::T-Q2-THREE::SUF-SEQ-M3+SUF-SEQ-M4::UAV-1"",""UAV-3::N::UAV-3::S2-SUF-SEQ::T-Q2-THREE::SUF-SEQ-M1+SUF-SEQ-M2::UAV-3->T::UAV-3"",""UAV-3::S::UAV-3->N::UAV-3::S2-SUF-SEQ::T-Q2-THREE::SUF-SEQ-M1+SUF-SEQ-M2::UAV-3""]","[""SUF-SEQ-M1"",""SUF-SEQ-M2"",""SUF-SEQ-M3"",""SUF-SEQ-M4""]",6
S2-SUF-SEQ@0.000,L,6,minimize_served_reaction_time_level_1,minimize,sum y_m*(latest_feasible_command_time-current_time),optimal,True,80.0318,0,5,,"{""absolute_tolerance"":8.003180000000001e-07,""value"":80.0318}","[""S2-SUF-SEQ::T-Q2-THREE::SUF-SEQ-M3+SUF-SEQ-M4::UAV-1"",""S2-SUF-SEQ::T-Q2-TWO::SUF-SEQ-M1::UAV-2"",""S2-SUF-SEQ::T-Q2-TWO::SUF-SEQ-M2::UAV-5""]","[""UAV-1::N::UAV-1::S2-SUF-SEQ::T-Q2-THREE::SUF-SEQ-M3+SUF-SEQ-M4::UAV-1->T::UAV-1"",""UAV-1::S::UAV-1->N::UAV-1::S2-SUF-SEQ::T-Q2-THREE::SUF-SEQ-M3+SUF-SEQ-M4::UAV-1"",""UAV-2::N::UAV-2::S2-SUF-SEQ::T-Q2-TWO::SUF-SEQ-M1::UAV-2->T::UAV-2"",""UAV-2::S::UAV-2->N::UAV-2::S2-SUF-SEQ::T-Q2-TWO::SUF-SEQ-M1::UAV-2"",""UAV-5::N::UAV-5::S2-SUF-SEQ::T-Q2-TWO::SUF-SEQ-M2::UAV-5->T::UAV-5"",""UAV-5::S::UAV-5->N::UAV-5::S2-SUF-SEQ::T-Q2-TWO::SUF-SEQ-M2::UAV-5""]","[""SUF-SEQ-M1"",""SUF-SEQ-M2"",""SUF-SEQ-M3"",""SUF-SEQ-M4""]",7
S2-SUF-SEQ@0.000,L,7,minimize_unserved_remaining_window_level_3,maximize,served-duration equivalent of lexicographic unserved-window minimization,optimal,True,16,0,5,,"{""absolute_tolerance"":1.6e-07,""value"":16.0}","[""S2-SUF-SEQ::T-Q2-THREE::SUF-SEQ-M3+SUF-SEQ-M4::UAV-1"",""S2-SUF-SEQ::T-Q2-TWO::SUF-SEQ-M1::UAV-2"",""S2-SUF-SEQ::T-Q2-TWO::SUF-SEQ-M2::UAV-5""]","[""UAV-1::N::UAV-1::S2-SUF-SEQ::T-Q2-THREE::SUF-SEQ-M3+SUF-SEQ-M4::UAV-1->T::UAV-1"",""UAV-1::S::UAV-1->N::UAV-1::S2-SUF-SEQ::T-Q2-THREE::SUF-SEQ-M3+SUF-SEQ-M4::UAV-1"",""UAV-2::N::UAV-2::S2-SUF-SEQ::T-Q2-TWO::SUF-SEQ-M1::UAV-2->T::UAV-2"",""UAV-2::S::UAV-2->N::UAV-2::S2-SUF-SEQ::T-Q2-TWO::SUF-SEQ-M1::UAV-2"",""UAV-5::N::UAV-5::S2-SUF-SEQ::T-Q2-TWO::SUF-SEQ-M2::UAV-5->T::UAV-5"",""UAV-5::S::UAV-5->N::UAV-5::S2-SUF-SEQ::T-Q2-TWO::SUF-SEQ-M2::UAV-5""]","[""SUF-SEQ-M1"",""SUF-SEQ-M2"",""SUF-SEQ-M3"",""SUF-SEQ-M4""]",7
S2-SUF-SEQ@0.000,L,8,minimize_unserved_remaining_window_level_2,maximize,served-duration equivalent of lexicographic unserved-window minimization,optimal,True,8,0,5,,"{""absolute_tolerance"":1e-07,""value"":8.0}","[""S2-SUF-SEQ::T-Q2-THREE::SUF-SEQ-M3+SUF-SEQ-M4::UAV-1"",""S2-SUF-SEQ::T-Q2-TWO::SUF-SEQ-M1::UAV-2"",""S2-SUF-SEQ::T-Q2-TWO::SUF-SEQ-M2::UAV-5""]","[""UAV-1::N::UAV-1::S2-SUF-SEQ::T-Q2-THREE::SUF-SEQ-M3+SUF-SEQ-M4::UAV-1->T::UAV-1"",""UAV-1::S::UAV-1->N::UAV-1::S2-SUF-SEQ::T-Q2-THREE::SUF-SEQ-M3+SUF-SEQ-M4::UAV-1"",""UAV-2::N::UAV-2::S2-SUF-SEQ::T-Q2-TWO::SUF-SEQ-M1::UAV-2->T::UAV-2"",""UAV-2::S::UAV-2->N::UAV-2::S2-SUF-SEQ::T-Q2-TWO::SUF-SEQ-M1::UAV-2"",""UAV-5::N::UAV-5::S2-SUF-SEQ::T-Q2-TWO::SUF-SEQ-M2::UAV-5->T::UAV-5"",""UAV-5::S::UAV-5->N::UAV-5::S2-SUF-SEQ::T-Q2-TWO::SUF-SEQ-M2::UAV-5""]","[""SUF-SEQ-M1"",""SUF-SEQ-M2"",""SUF-SEQ-M3"",""SUF-SEQ-M4""]",7
S2-SUF-SEQ@0.000,L,9,minimize_unserved_remaining_window_level_1,maximize,served-duration equivalent of lexicographic unserved-window minimization,optimal,True,8,0,5,,"{""absolute_tolerance"":1e-07,""value"":8.0}","[""S2-SUF-SEQ::T-Q2-THREE::SUF-SEQ-M3+SUF-SEQ-M4::UAV-1"",""S2-SUF-SEQ::T-Q2-TWO::SUF-SEQ-M1::UAV-2"",""S2-SUF-SEQ::T-Q2-TWO::SUF-SEQ-M2::UAV-5""]","[""UAV-1::N::UAV-1::S2-SUF-SEQ::T-Q2-THREE::SUF-SEQ-M3+SUF-SEQ-M4::UAV-1->T::UAV-1"",""UAV-1::S::UAV-1->N::UAV-1::S2-SUF-SEQ::T-Q2-THREE::SUF-SEQ-M3+SUF-SEQ-M4::UAV-1"",""UAV-2::N::UAV-2::S2-SUF-SEQ::T-Q2-TWO::SUF-SEQ-M1::UAV-2->T::UAV-2"",""UAV-2::S::UAV-2->N::UAV-2::S2-SUF-SEQ::T-Q2-TWO::SUF-SEQ-M1::UAV-2"",""UAV-5::N::UAV-5::S2-SUF-SEQ::T-Q2-TWO::SUF-SEQ-M2::UAV-5->T::UAV-5"",""UAV-5::S::UAV-5->N::UAV-5::S2-SUF-SEQ::T-Q2-TWO::SUF-SEQ-M2::UAV-5""]","[""SUF-SEQ-M1"",""SUF-SEQ-M2"",""SUF-SEQ-M3"",""SUF-SEQ-M4""]",7
S2-SUF-SEQ@0.000,L,10,minimize_bombs_used_and_reserved,minimize,sum candidate total bombs,optimal,True,5,0,5,,"{""absolute_tolerance"":1e-07,""value"":5.0}","[""S2-SUF-SEQ::T-Q1-SINGLE::SUF-SEQ-M1::UAV-1"",""S2-SUF-SEQ::T-Q1-SINGLE::SUF-SEQ-M4::UAV-4"",""S2-SUF-SEQ::T-Q2-THREE::SUF-SEQ-M2+SUF-SEQ-M3::UAV-3""]","[""UAV-1::N::UAV-1::S2-SUF-SEQ::T-Q1-SINGLE::SUF-SEQ-M1::UAV-1->T::UAV-1"",""UAV-1::S::UAV-1->N::UAV-1::S2-SUF-SEQ::T-Q1-SINGLE::SUF-SEQ-M1::UAV-1"",""UAV-3::N::UAV-3::S2-SUF-SEQ::T-Q2-THREE::SUF-SEQ-M2+SUF-SEQ-M3::UAV-3->T::UAV-3"",""UAV-3::S::UAV-3->N::UAV-3::S2-SUF-SEQ::T-Q2-THREE::SUF-SEQ-M2+SUF-SEQ-M3::UAV-3"",""UAV-4::N::UAV-4::S2-SUF-SEQ::T-Q1-SINGLE::SUF-SEQ-M4::UAV-4->T::UAV-4"",""UAV-4::S::UAV-4->N::UAV-4::S2-SUF-SEQ::T-Q1-SINGLE::SUF-SEQ-M4::UAV-4""]","[""SUF-SEQ-M1"",""SUF-SEQ-M2"",""SUF-SEQ-M3"",""SUF-SEQ-M4""]",5
S2-SUF-SEQ@0.000,L,11,L_minimize_total_path,minimize,service plus selected transition path,optimal,True,3741.484696269,0,5,,"{""absolute_tolerance"":3.74148469626891e-05,""value"":3741.4846962689103}","[""S2-SUF-SEQ::T-Q1-SINGLE::SUF-SEQ-M1::UAV-1"",""S2-SUF-SEQ::T-Q1-SINGLE::SUF-SEQ-M4::UAV-4"",""S2-SUF-SEQ::T-Q2-THREE::SUF-SEQ-M2+SUF-SEQ-M3::UAV-3""]","[""UAV-1::N::UAV-1::S2-SUF-SEQ::T-Q1-SINGLE::SUF-SEQ-M1::UAV-1->T::UAV-1"",""UAV-1::S::UAV-1->N::UAV-1::S2-SUF-SEQ::T-Q1-SINGLE::SUF-SEQ-M1::UAV-1"",""UAV-3::N::UAV-3::S2-SUF-SEQ::T-Q2-THREE::SUF-SEQ-M2+SUF-SEQ-M3::UAV-3->T::UAV-3"",""UAV-3::S::UAV-3->N::UAV-3::S2-SUF-SEQ::T-Q2-THREE::SUF-SEQ-M2+SUF-SEQ-M3::UAV-3"",""UAV-4::N::UAV-4::S2-SUF-SEQ::T-Q1-SINGLE::SUF-SEQ-M4::UAV-4->T::UAV-4"",""UAV-4::S::UAV-4->N::UAV-4::S2-SUF-SEQ::T-Q1-SINGLE::SUF-SEQ-M4::UAV-4""]","[""SUF-SEQ-M1"",""SUF-SEQ-M2"",""SUF-SEQ-M3"",""SUF-SEQ-M4""]",5
S2-SUF-SEQ@0.000,L,12,L_minimize_turn_at_minimum_path,minimize,service plus transition turn proxy,optimal,True,4.801868099,0,5,,"{""absolute_tolerance"":1e-07,""value"":4.801868098772722}","[""S2-SUF-SEQ::T-Q1-SINGLE::SUF-SEQ-M1::UAV-1"",""S2-SUF-SEQ::T-Q1-SINGLE::SUF-SEQ-M4::UAV-4"",""S2-SUF-SEQ::T-Q2-THREE::SUF-SEQ-M2+SUF-SEQ-M3::UAV-3""]","[""UAV-1::N::UAV-1::S2-SUF-SEQ::T-Q1-SINGLE::SUF-SEQ-M1::UAV-1->T::UAV-1"",""UAV-1::S::UAV-1->N::UAV-1::S2-SUF-SEQ::T-Q1-SINGLE::SUF-SEQ-M1::UAV-1"",""UAV-3::N::UAV-3::S2-SUF-SEQ::T-Q2-THREE::SUF-SEQ-M2+SUF-SEQ-M3::UAV-3->T::UAV-3"",""UAV-3::S::UAV-3->N::UAV-3::S2-SUF-SEQ::T-Q2-THREE::SUF-SEQ-M2+SUF-SEQ-M3::UAV-3"",""UAV-4::N::UAV-4::S2-SUF-SEQ::T-Q1-SINGLE::SUF-SEQ-M4::UAV-4->T::UAV-4"",""UAV-4::S::UAV-4->N::UAV-4::S2-SUF-SEQ::T-Q1-SINGLE::SUF-SEQ-M4::UAV-4""]","[""SUF-SEQ-M1"",""SUF-SEQ-M2"",""SUF-SEQ-M3"",""SUF-SEQ-M4""]",5
S2-SUF-SEQ@0.000,L,13,minimize_flexible_plan_changes,minimize,explicit new-instance count; executed and committed instances are outside the flexible set,optimal,True,3,0,5,,"{""absolute_tolerance"":1e-07,""value"":3.0}","[""S2-SUF-SEQ::T-Q1-SINGLE::SUF-SEQ-M1::UAV-4"",""S2-SUF-SEQ::T-Q1-SINGLE::SUF-SEQ-M2::UAV-1"",""S2-SUF-SEQ::T-Q2-THREE::SUF-SEQ-M3+SUF-SEQ-M4::UAV-3""]","[""UAV-1::N::UAV-1::S2-SUF-SEQ::T-Q1-SINGLE::SUF-SEQ-M2::UAV-1->T::UAV-1"",""UAV-1::S::UAV-1->N::UAV-1::S2-SUF-SEQ::T-Q1-SINGLE::SUF-SEQ-M2::UAV-1"",""UAV-3::N::UAV-3::S2-SUF-SEQ::T-Q2-THREE::SUF-SEQ-M3+SUF-SEQ-M4::UAV-3->T::UAV-3"",""UAV-3::S::UAV-3->N::UAV-3::S2-SUF-SEQ::T-Q2-THREE::SUF-SEQ-M3+SUF-SEQ-M4::UAV-3"",""UAV-4::N::UAV-4::S2-SUF-SEQ::T-Q1-SINGLE::SUF-SEQ-M1::UAV-4->T::UAV-4"",""UAV-4::S::UAV-4->N::UAV-4::S2-SUF-SEQ::T-Q1-SINGLE::SUF-SEQ-M1::UAV-4""]","[""SUF-SEQ-M1"",""SUF-SEQ-M2"",""SUF-SEQ-M3"",""SUF-SEQ-M4""]",5
S2-SUF-SUR@32.000,L,1,maximize_full_defence_level_3,maximize,sum y_m for threat_level=3,optimal,True,1,0,5,,"{""absolute_tolerance"":1e-07,""value"":1.0}","[""S2-SUF-SUR::T-Q2-TWO::SUF-SUR-M4::UAV-5""]","[""UAV-5::N::UAV-5::S2-SUF-SUR::T-Q2-TWO::SUF-SUR-M4::UAV-5->T::UAV-5"",""UAV-5::S::UAV-5->N::UAV-5::S2-SUF-SUR::T-Q2-TWO::SUF-SUR-M4::UAV-5""]","[""SUF-SUR-M4""]",2
S2-SUF-SUR@32.000,L,2,minimize_served_reaction_time_level_3,minimize,sum y_m*(latest_feasible_command_time-current_time),optimal,True,11.0318,0,5,,"{""absolute_tolerance"":1.1031800000000005e-07,""value"":11.031800000000004}","[""S2-SUF-SUR::T-Q2-TWO::SUF-SUR-M4::UAV-5""]","[""UAV-5::N::UAV-5::S2-SUF-SUR::T-Q2-TWO::SUF-SUR-M4::UAV-5->T::UAV-5"",""UAV-5::S::UAV-5->N::UAV-5::S2-SUF-SUR::T-Q2-TWO::SUF-SUR-M4::UAV-5""]","[""SUF-SUR-M4""]",2
S2-SUF-SUR@32.000,L,3,maximize_full_defence_level_2,maximize,sum y_m for threat_level=2,optimal,True,1,0,5,,"{""absolute_tolerance"":1e-07,""value"":1.0}","[""S2-SUF-SUR::T-Q2-THREE::SUF-SUR-M2+SUF-SUR-M4::UAV-3"",""S2-SUF-SUR::T-Q2-TWO::SUF-SUR-M3::UAV-2""]","[""UAV-2::N::UAV-2::S2-SUF-SUR::T-Q2-TWO::SUF-SUR-M3::UAV-2->T::UAV-2"",""UAV-2::S::UAV-2->N::UAV-2::S2-SUF-SUR::T-Q2-TWO::SUF-SUR-M3::UAV-2"",""UAV-3::N::UAV-3::S2-SUF-SUR::T-Q2-THREE::SUF-SUR-M2+SUF-SUR-M4::UAV-3->T::UAV-3"",""UAV-3::S::UAV-3->N::UAV-3::S2-SUF-SUR::T-Q2-THREE::SUF-SUR-M2+SUF-SUR-M4::UAV-3""]","[""SUF-SUR-M2"",""SUF-SUR-M3"",""SUF-SUR-M4""]",5
S2-SUF-SUR@32.000,L,4,minimize_served_reaction_time_level_2,minimize,sum y_m*(latest_feasible_command_time-current_time),optimal,True,50.0318,0,5,,"{""absolute_tolerance"":5.003180000000001e-07,""value"":50.031800000000004}","[""S2-SUF-SUR::T-Q2-TWO::SUF-SUR-M3::UAV-5"",""S2-SUF-SUR::T-Q2-TWO::SUF-SUR-M4::UAV-2""]","[""UAV-2::N::UAV-2::S2-SUF-SUR::T-Q2-TWO::SUF-SUR-M4::UAV-2->T::UAV-2"",""UAV-2::S::UAV-2->N::UAV-2::S2-SUF-SUR::T-Q2-TWO::SUF-SUR-M4::UAV-2"",""UAV-5::N::UAV-5::S2-SUF-SUR::T-Q2-TWO::SUF-SUR-M3::UAV-5->T::UAV-5"",""UAV-5::S::UAV-5->N::UAV-5::S2-SUF-SUR::T-Q2-TWO::SUF-SUR-M3::UAV-5""]","[""SUF-SUR-M3"",""SUF-SUR-M4""]",4
S2-SUF-SUR@32.000,L,5,maximize_full_defence_level_1,maximize,sum y_m for threat_level=1,optimal,True,1,0,5,,"{""absolute_tolerance"":1e-07,""value"":1.0}","[""S2-SUF-SUR::T-Q2-THREE::SUF-SUR-M2+SUF-SUR-M4::UAV-3"",""S2-SUF-SUR::T-Q2-TWO::SUF-SUR-M3::UAV-5""]","[""UAV-3::N::UAV-3::S2-SUF-SUR::T-Q2-THREE::SUF-SUR-M2+SUF-SUR-M4::UAV-3->T::UAV-3"",""UAV-3::S::UAV-3->N::UAV-3::S2-SUF-SUR::T-Q2-THREE::SUF-SUR-M2+SUF-SUR-M4::UAV-3"",""UAV-5::N::UAV-5::S2-SUF-SUR::T-Q2-TWO::SUF-SUR-M3::UAV-5->T::UAV-5"",""UAV-5::S::UAV-5->N::UAV-5::S2-SUF-SUR::T-Q2-TWO::SUF-SUR-M3::UAV-5""]","[""SUF-SUR-M2"",""SUF-SUR-M3"",""SUF-SUR-M4""]",5
S2-SUF-SUR@32.000,L,6,minimize_served_reaction_time_level_1,minimize,sum y_m*(latest_feasible_command_time-current_time),optimal,True,26.0318,0,5,,"{""absolute_tolerance"":2.6031800000000004e-07,""value"":26.031800000000004}","[""S2-SUF-SUR::T-Q1-SINGLE::SUF-SUR-M2::UAV-4"",""S2-SUF-SUR::T-Q1-SINGLE::SUF-SUR-M3::UAV-4"",""S2-SUF-SUR::T-Q2-TWO::SUF-SUR-M4::UAV-2""]","[""UAV-2::N::UAV-2::S2-SUF-SUR::T-Q2-TWO::SUF-SUR-M4::UAV-2->T::UAV-2"",""UAV-2::S::UAV-2->N::UAV-2::S2-SUF-SUR::T-Q2-TWO::SUF-SUR-M4::UAV-2"",""UAV-4::N::UAV-4::S2-SUF-SUR::T-Q1-SINGLE::SUF-SUR-M2::UAV-4->N::UAV-4::S2-SUF-SUR::T-Q1-SINGLE::SUF-SUR-M3::UAV-4"",""UAV-4::N::UAV-4::S2-SUF-SUR::T-Q1-SINGLE::SUF-SUR-M3::UAV-4->T::UAV-4"",""UAV-4::S::UAV-4->N::UAV-4::S2-SUF-SUR::T-Q1-SINGLE::SUF-SUR-M2::UAV-4""]","[""SUF-SUR-M2"",""SUF-SUR-M3"",""SUF-SUR-M4""]",4
S2-SUF-SUR@32.000,L,7,minimize_unserved_remaining_window_level_3,maximize,served-duration equivalent of lexicographic unserved-window minimization,optimal,True,8,0,5,,"{""absolute_tolerance"":1e-07,""value"":8.0}","[""S2-SUF-SUR::T-Q1-SINGLE::SUF-SUR-M2::UAV-4"",""S2-SUF-SUR::T-Q1-SINGLE::SUF-SUR-M3::UAV-4"",""S2-SUF-SUR::T-Q2-TWO::SUF-SUR-M4::UAV-2""]","[""UAV-2::N::UAV-2::S2-SUF-SUR::T-Q2-TWO::SUF-SUR-M4::UAV-2->T::UAV-2"",""UAV-2::S::UAV-2->N::UAV-2::S2-SUF-SUR::T-Q2-TWO::SUF-SUR-M4::UAV-2"",""UAV-4::N::UAV-4::S2-SUF-SUR::T-Q1-SINGLE::SUF-SUR-M2::UAV-4->N::UAV-4::S2-SUF-SUR::T-Q1-SINGLE::SUF-SUR-M3::UAV-4"",""UAV-4::N::UAV-4::S2-SUF-SUR::T-Q1-SINGLE::SUF-SUR-M3::UAV-4->T::UAV-4"",""UAV-4::S::UAV-4->N::UAV-4::S2-SUF-SUR::T-Q1-SINGLE::SUF-SUR-M2::UAV-4""]","[""SUF-SUR-M2"",""SUF-SUR-M3"",""SUF-SUR-M4""]",4
S2-SUF-SUR@32.000,L,8,minimize_unserved_remaining_window_level_2,maximize,served-duration equivalent of lexicographic unserved-window minimization,optimal,True,8,0,5,,"{""absolute_tolerance"":1e-07,""value"":8.0}","[""S2-SUF-SUR::T-Q1-SINGLE::SUF-SUR-M2::UAV-4"",""S2-SUF-SUR::T-Q1-SINGLE::SUF-SUR-M3::UAV-4"",""S2-SUF-SUR::T-Q2-TWO::SUF-SUR-M4::UAV-2""]","[""UAV-2::N::UAV-2::S2-SUF-SUR::T-Q2-TWO::SUF-SUR-M4::UAV-2->T::UAV-2"",""UAV-2::S::UAV-2->N::UAV-2::S2-SUF-SUR::T-Q2-TWO::SUF-SUR-M4::UAV-2"",""UAV-4::N::UAV-4::S2-SUF-SUR::T-Q1-SINGLE::SUF-SUR-M2::UAV-4->N::UAV-4::S2-SUF-SUR::T-Q1-SINGLE::SUF-SUR-M3::UAV-4"",""UAV-4::N::UAV-4::S2-SUF-SUR::T-Q1-SINGLE::SUF-SUR-M3::UAV-4->T::UAV-4"",""UAV-4::S::UAV-4->N::UAV-4::S2-SUF-SUR::T-Q1-SINGLE::SUF-SUR-M2::UAV-4""]","[""SUF-SUR-M2"",""SUF-SUR-M3"",""SUF-SUR-M4""]",4
S2-SUF-SUR@32.000,L,9,minimize_unserved_remaining_window_level_1,maximize,served-duration equivalent of lexicographic unserved-window minimization,optimal,True,8,0,5,,"{""absolute_tolerance"":1e-07,""value"":8.0}","[""S2-SUF-SUR::T-Q1-SINGLE::SUF-SUR-M2::UAV-4"",""S2-SUF-SUR::T-Q1-SINGLE::SUF-SUR-M3::UAV-4"",""S2-SUF-SUR::T-Q2-TWO::SUF-SUR-M4::UAV-2""]","[""UAV-2::N::UAV-2::S2-SUF-SUR::T-Q2-TWO::SUF-SUR-M4::UAV-2->T::UAV-2"",""UAV-2::S::UAV-2->N::UAV-2::S2-SUF-SUR::T-Q2-TWO::SUF-SUR-M4::UAV-2"",""UAV-4::N::UAV-4::S2-SUF-SUR::T-Q1-SINGLE::SUF-SUR-M2::UAV-4->N::UAV-4::S2-SUF-SUR::T-Q1-SINGLE::SUF-SUR-M3::UAV-4"",""UAV-4::N::UAV-4::S2-SUF-SUR::T-Q1-SINGLE::SUF-SUR-M3::UAV-4->T::UAV-4"",""UAV-4::S::UAV-4->N::UAV-4::S2-SUF-SUR::T-Q1-SINGLE::SUF-SUR-M2::UAV-4""]","[""SUF-SUR-M2"",""SUF-SUR-M3"",""SUF-SUR-M4""]",4
S2-SUF-SUR@32.000,L,10,minimize_bombs_used_and_reserved,minimize,sum candidate total bombs,optimal,True,4,0,5,,"{""absolute_tolerance"":1e-07,""value"":4.0}","[""S2-SUF-SUR::T-Q1-SINGLE::SUF-SUR-M2::UAV-4"",""S2-SUF-SUR::T-Q1-SINGLE::SUF-SUR-M3::UAV-4"",""S2-SUF-SUR::T-Q2-TWO::SUF-SUR-M4::UAV-2""]","[""UAV-2::N::UAV-2::S2-SUF-SUR::T-Q2-TWO::SUF-SUR-M4::UAV-2->T::UAV-2"",""UAV-2::S::UAV-2->N::UAV-2::S2-SUF-SUR::T-Q2-TWO::SUF-SUR-M4::UAV-2"",""UAV-4::N::UAV-4::S2-SUF-SUR::T-Q1-SINGLE::SUF-SUR-M2::UAV-4->N::UAV-4::S2-SUF-SUR::T-Q1-SINGLE::SUF-SUR-M3::UAV-4"",""UAV-4::N::UAV-4::S2-SUF-SUR::T-Q1-SINGLE::SUF-SUR-M3::UAV-4->T::UAV-4"",""UAV-4::S::UAV-4->N::UAV-4::S2-SUF-SUR::T-Q1-SINGLE::SUF-SUR-M2::UAV-4""]","[""SUF-SUR-M2"",""SUF-SUR-M3"",""SUF-SUR-M4""]",4
S2-SUF-SUR@32.000,L,11,L_minimize_total_path,minimize,service plus selected transition path,optimal,True,2741.484696269,0,5,,"{""absolute_tolerance"":2.7414846962689102e-05,""value"":2741.4846962689103}","[""S2-SUF-SUR::T-Q1-SINGLE::SUF-SUR-M3::UAV-4"",""S2-SUF-SUR::T-Q2-THREE::SUF-SUR-M2+SUF-SUR-M4::UAV-3""]","[""UAV-3::N::UAV-3::S2-SUF-SUR::T-Q2-THREE::SUF-SUR-M2+SUF-SUR-M4::UAV-3->T::UAV-3"",""UAV-3::S::UAV-3->N::UAV-3::S2-SUF-SUR::T-Q2-THREE::SUF-SUR-M2+SUF-SUR-M4::UAV-3"",""UAV-4::N::UAV-4::S2-SUF-SUR::T-Q1-SINGLE::SUF-SUR-M3::UAV-4->T::UAV-4"",""UAV-4::S::UAV-4->N::UAV-4::S2-SUF-SUR::T-Q1-SINGLE::SUF-SUR-M3::UAV-4""]","[""SUF-SUR-M2"",""SUF-SUR-M3"",""SUF-SUR-M4""]",4
S2-SUF-SUR@32.000,L,12,L_minimize_turn_at_minimum_path,minimize,service plus transition turn proxy,optimal,True,4.701868099,0,5,,"{""absolute_tolerance"":1e-07,""value"":4.7018680987727235}","[""S2-SUF-SUR::T-Q1-SINGLE::SUF-SUR-M3::UAV-4"",""S2-SUF-SUR::T-Q2-THREE::SUF-SUR-M2+SUF-SUR-M4::UAV-3""]","[""UAV-3::N::UAV-3::S2-SUF-SUR::T-Q2-THREE::SUF-SUR-M2+SUF-SUR-M4::UAV-3->T::UAV-3"",""UAV-3::S::UAV-3->N::UAV-3::S2-SUF-SUR::T-Q2-THREE::SUF-SUR-M2+SUF-SUR-M4::UAV-3"",""UAV-4::N::UAV-4::S2-SUF-SUR::T-Q1-SINGLE::SUF-SUR-M3::UAV-4->T::UAV-4"",""UAV-4::S::UAV-4->N::UAV-4::S2-SUF-SUR::T-Q1-SINGLE::SUF-SUR-M3::UAV-4""]","[""SUF-SUR-M2"",""SUF-SUR-M3"",""SUF-SUR-M4""]",4
S2-SUF-SUR@32.000,L,13,minimize_flexible_plan_changes,minimize,explicit new-instance count; executed and committed instances are outside the flexible set,optimal,True,2,0,5,,"{""absolute_tolerance"":1e-07,""value"":2.0}","[""S2-SUF-SUR::T-Q1-SINGLE::SUF-SUR-M3::UAV-4"",""S2-SUF-SUR::T-Q2-THREE::SUF-SUR-M2+SUF-SUR-M4::UAV-3""]","[""UAV-3::N::UAV-3::S2-SUF-SUR::T-Q2-THREE::SUF-SUR-M2+SUF-SUR-M4::UAV-3->T::UAV-3"",""UAV-3::S::UAV-3->N::UAV-3::S2-SUF-SUR::T-Q2-THREE::SUF-SUR-M2+SUF-SUR-M4::UAV-3"",""UAV-4::N::UAV-4::S2-SUF-SUR::T-Q1-SINGLE::SUF-SUR-M3::UAV-4->T::UAV-4"",""UAV-4::S::UAV-4->N::UAV-4::S2-SUF-SUR::T-Q1-SINGLE::SUF-SUR-M3::UAV-4""]","[""SUF-SUR-M2"",""SUF-SUR-M3"",""SUF-SUR-M4""]",4
